url,label 
https://inaturalist-open-data.s3.amazonaws.com/photos/10097379/medium.jpeg,grizzly
https://inaturalist-open-data.s3.amazonaws.com/photos/101975554/medium.jpeg,grizzly
https://inaturalist-open-data.s3.amazonaws.com/photos/102231062/medium.jpeg,grizzly
https://inaturalist-open-data.s3.amazonaws.com/photos/104196196/medium.jpeg,grizzly
https://inaturalist-open-data.s3.amazonaws.com/photos/104534688/medium.jpg,grizzly
https://inaturalist-open-data.s3.amazonaws.com/photos/105221672/medium.jpeg,grizzly
https://inaturalist-open-data.s3.amazonaws.com/photos/105654695/medium.jpeg,grizzly
https://inaturalist-open-data.s3.amazonaws.com/photos/10604616/medium.jpeg,grizzly
https://inaturalist-open-data.s3.amazonaws.com/photos/107184989/medium.jpeg,grizzly
https://inaturalist-open-data.s3.amazonaws.com/photos/107528706/medium.jpeg,grizzly
https://inaturalist-open-data.s3.amazonaws.com/photos/10855863/medium.jpeg,grizzly
https://inaturalist-open-data.s3.amazonaws.com/photos/109517922/medium.jpeg,grizzly
https://inaturalist-open-data.s3.amazonaws.com/photos/110581997/medium.jpg,grizzly
https://inaturalist-open-data.s3.amazonaws.com/photos/110982125/medium.jpg,grizzly
https://inaturalist-open-data.s3.amazonaws.com/photos/110982263/medium.jpg,grizzly
https://inaturalist-open-data.s3.amazonaws.com/photos/11253205/medium.jpeg,grizzly
https://inaturalist-open-data.s3.amazonaws.com/photos/112581558/medium.jpg,grizzly
https://inaturalist-open-data.s3.amazonaws.com/photos/11400404/medium.jpeg,grizzly
https://inaturalist-open-data.s3.amazonaws.com/photos/114836113/medium.jpeg,grizzly
https://inaturalist-open-data.s3.amazonaws.com/photos/11595416/medium.jpeg,grizzly
https://inaturalist-open-data.s3.amazonaws.com/photos/117708645/medium.png,grizzly
https://inaturalist-open-data.s3.amazonaws.com/photos/118939660/medium.jpg,grizzly
https://inaturalist-open-data.s3.amazonaws.com/photos/119626581/medium.jpg,grizzly
https://inaturalist-open-data.s3.amazonaws.com/photos/120389145/medium.jpg,grizzly
https://inaturalist-open-data.s3.amazonaws.com/photos/122134028/medium.jpeg,grizzly
https://inaturalist-open-data.s3.amazonaws.com/photos/125277593/medium.jpeg,grizzly
https://inaturalist-open-data.s3.amazonaws.com/photos/125912071/medium.jpeg,grizzly
https://inaturalist-open-data.s3.amazonaws.com/photos/126682142/medium.jpeg,grizzly
https://inaturalist-open-data.s3.amazonaws.com/photos/127602669/medium.jpg,grizzly
https://inaturalist-open-data.s3.amazonaws.com/photos/127602693/medium.jpg,grizzly
https://inaturalist-open-data.s3.amazonaws.com/photos/127759684/medium.jpeg,grizzly
https://inaturalist-open-data.s3.amazonaws.com/photos/129264618/medium.jpeg,grizzly
https://inaturalist-open-data.s3.amazonaws.com/photos/129691911/medium.jpg,grizzly
https://inaturalist-open-data.s3.amazonaws.com/photos/130866885/medium.jpg,grizzly
https://inaturalist-open-data.s3.amazonaws.com/photos/131689039/medium.jpg,grizzly
https://inaturalist-open-data.s3.amazonaws.com/photos/132120338/medium.jpeg,grizzly
https://inaturalist-open-data.s3.amazonaws.com/photos/134567763/medium.jpeg,grizzly
https://inaturalist-open-data.s3.amazonaws.com/photos/139133838/medium.jpg,grizzly
https://inaturalist-open-data.s3.amazonaws.com/photos/139443967/medium.jpg,grizzly
https://inaturalist-open-data.s3.amazonaws.com/photos/14145209/medium.jpg,grizzly
https://inaturalist-open-data.s3.amazonaws.com/photos/141534286/medium.jpg,grizzly
https://inaturalist-open-data.s3.amazonaws.com/photos/141599958/medium.jpeg,grizzly
https://inaturalist-open-data.s3.amazonaws.com/photos/146795436/medium.jpg,grizzly
https://inaturalist-open-data.s3.amazonaws.com/photos/147347290/medium.jpg,grizzly
https://inaturalist-open-data.s3.amazonaws.com/photos/147427640/medium.jpg,grizzly
https://inaturalist-open-data.s3.amazonaws.com/photos/14789762/medium.jpeg,grizzly
https://inaturalist-open-data.s3.amazonaws.com/photos/147956745/medium.jpeg,grizzly
https://inaturalist-open-data.s3.amazonaws.com/photos/149971985/medium.jpg,grizzly
https://inaturalist-open-data.s3.amazonaws.com/photos/150753950/medium.jpg,grizzly
https://inaturalist-open-data.s3.amazonaws.com/photos/150754335/medium.jpg,grizzly
https://inaturalist-open-data.s3.amazonaws.com/photos/151563488/medium.jpg,grizzly
https://inaturalist-open-data.s3.amazonaws.com/photos/151563503/medium.jpg,grizzly
https://inaturalist-open-data.s3.amazonaws.com/photos/151563593/medium.jpg,grizzly
https://inaturalist-open-data.s3.amazonaws.com/photos/151563620/medium.jpg,grizzly
https://inaturalist-open-data.s3.amazonaws.com/photos/151565412/medium.jpg,grizzly
https://inaturalist-open-data.s3.amazonaws.com/photos/151755590/medium.jpg,grizzly
https://inaturalist-open-data.s3.amazonaws.com/photos/151755724/medium.jpg,grizzly
https://inaturalist-open-data.s3.amazonaws.com/photos/151755731/medium.jpg,grizzly
https://inaturalist-open-data.s3.amazonaws.com/photos/151755756/medium.jpg,grizzly
https://inaturalist-open-data.s3.amazonaws.com/photos/151764144/medium.jpg,grizzly
https://inaturalist-open-data.s3.amazonaws.com/photos/151764178/medium.jpg,grizzly
https://inaturalist-open-data.s3.amazonaws.com/photos/151764354/medium.jpg,grizzly
https://inaturalist-open-data.s3.amazonaws.com/photos/152205200/medium.jpeg,grizzly
https://inaturalist-open-data.s3.amazonaws.com/photos/152348447/medium.jpg,grizzly
https://inaturalist-open-data.s3.amazonaws.com/photos/152349054/medium.jpg,grizzly
https://inaturalist-open-data.s3.amazonaws.com/photos/152363155/medium.jpg,grizzly
https://inaturalist-open-data.s3.amazonaws.com/photos/152363882/medium.jpg,grizzly
https://inaturalist-open-data.s3.amazonaws.com/photos/152364851/medium.jpg,grizzly
https://inaturalist-open-data.s3.amazonaws.com/photos/152900550/medium.jpeg,grizzly
https://inaturalist-open-data.s3.amazonaws.com/photos/153463394/medium.jpg,grizzly
https://inaturalist-open-data.s3.amazonaws.com/photos/154304699/medium.jpg,grizzly
https://inaturalist-open-data.s3.amazonaws.com/photos/155078338/medium.jpg,grizzly
https://inaturalist-open-data.s3.amazonaws.com/photos/156386561/medium.jpg,grizzly
https://inaturalist-open-data.s3.amazonaws.com/photos/157077014/medium.jpg,grizzly
https://inaturalist-open-data.s3.amazonaws.com/photos/157734519/medium.jpeg,grizzly
https://inaturalist-open-data.s3.amazonaws.com/photos/157746551/medium.jpeg,grizzly
https://inaturalist-open-data.s3.amazonaws.com/photos/158735611/medium.jpeg,grizzly
https://inaturalist-open-data.s3.amazonaws.com/photos/158736006/medium.jpg,grizzly
https://inaturalist-open-data.s3.amazonaws.com/photos/158866458/medium.jpg,grizzly
https://inaturalist-open-data.s3.amazonaws.com/photos/158948497/medium.jpeg,grizzly
https://inaturalist-open-data.s3.amazonaws.com/photos/160530163/medium.jpg,grizzly
https://inaturalist-open-data.s3.amazonaws.com/photos/160530976/medium.jpg,grizzly
https://inaturalist-open-data.s3.amazonaws.com/photos/160531598/medium.jpg,grizzly
https://inaturalist-open-data.s3.amazonaws.com/photos/160533249/medium.jpg,grizzly
https://inaturalist-open-data.s3.amazonaws.com/photos/160533752/medium.jpg,grizzly
https://inaturalist-open-data.s3.amazonaws.com/photos/160534267/medium.jpg,grizzly
https://inaturalist-open-data.s3.amazonaws.com/photos/161877429/medium.jpeg,grizzly
https://inaturalist-open-data.s3.amazonaws.com/photos/162007733/medium.jpg,grizzly
https://inaturalist-open-data.s3.amazonaws.com/photos/162007746/medium.jpg,grizzly
https://inaturalist-open-data.s3.amazonaws.com/photos/162025267/medium.jpg,grizzly
https://inaturalist-open-data.s3.amazonaws.com/photos/162148807/medium.jpg,grizzly
https://inaturalist-open-data.s3.amazonaws.com/photos/162149169/medium.jpg,grizzly
https://inaturalist-open-data.s3.amazonaws.com/photos/163024540/medium.jpg,grizzly
https://inaturalist-open-data.s3.amazonaws.com/photos/163050214/medium.jpg,grizzly
https://inaturalist-open-data.s3.amazonaws.com/photos/163050250/medium.jpg,grizzly
https://inaturalist-open-data.s3.amazonaws.com/photos/163050259/medium.jpg,grizzly
https://inaturalist-open-data.s3.amazonaws.com/photos/163050284/medium.jpg,grizzly
https://inaturalist-open-data.s3.amazonaws.com/photos/163050305/medium.jpg,grizzly
https://inaturalist-open-data.s3.amazonaws.com/photos/163050348/medium.jpg,grizzly
https://inaturalist-open-data.s3.amazonaws.com/photos/163100469/medium.jpg,grizzly
https://inaturalist-open-data.s3.amazonaws.com/photos/163406521/medium.jpg,grizzly
https://inaturalist-open-data.s3.amazonaws.com/photos/163407497/medium.jpg,grizzly
https://inaturalist-open-data.s3.amazonaws.com/photos/163408068/medium.jpg,grizzly
https://inaturalist-open-data.s3.amazonaws.com/photos/163409169/medium.jpg,grizzly
https://inaturalist-open-data.s3.amazonaws.com/photos/163485681/medium.jpg,grizzly
https://inaturalist-open-data.s3.amazonaws.com/photos/163489765/medium.jpg,grizzly
https://inaturalist-open-data.s3.amazonaws.com/photos/164053601/medium.jpg,grizzly
https://inaturalist-open-data.s3.amazonaws.com/photos/164055821/medium.jpg,grizzly
https://inaturalist-open-data.s3.amazonaws.com/photos/165894834/medium.jpg,grizzly
https://inaturalist-open-data.s3.amazonaws.com/photos/166485261/medium.jpg,grizzly
https://inaturalist-open-data.s3.amazonaws.com/photos/167189091/medium.jpg,grizzly
https://inaturalist-open-data.s3.amazonaws.com/photos/167335855/medium.jpg,grizzly
https://inaturalist-open-data.s3.amazonaws.com/photos/167336592/medium.jpg,grizzly
https://inaturalist-open-data.s3.amazonaws.com/photos/167438083/medium.jpg,grizzly
https://inaturalist-open-data.s3.amazonaws.com/photos/167439192/medium.jpg,grizzly
https://inaturalist-open-data.s3.amazonaws.com/photos/168534075/medium.jpg,grizzly
https://inaturalist-open-data.s3.amazonaws.com/photos/171266334/medium.jpeg,grizzly
https://inaturalist-open-data.s3.amazonaws.com/photos/173374714/medium.jpeg,grizzly
https://inaturalist-open-data.s3.amazonaws.com/photos/174648318/medium.jpg,grizzly
https://inaturalist-open-data.s3.amazonaws.com/photos/179430600/medium.jpeg,grizzly
https://inaturalist-open-data.s3.amazonaws.com/photos/184513214/medium.jpg,grizzly
https://inaturalist-open-data.s3.amazonaws.com/photos/184513820/medium.jpeg,grizzly
https://inaturalist-open-data.s3.amazonaws.com/photos/1888995/medium.JPG,grizzly
https://inaturalist-open-data.s3.amazonaws.com/photos/189884533/medium.jpg,grizzly
https://inaturalist-open-data.s3.amazonaws.com/photos/189893574/medium.jpg,grizzly
https://inaturalist-open-data.s3.amazonaws.com/photos/189914771/medium.jpg,grizzly
https://inaturalist-open-data.s3.amazonaws.com/photos/189915098/medium.jpg,grizzly
https://inaturalist-open-data.s3.amazonaws.com/photos/19021792/medium.jpg,grizzly
https://inaturalist-open-data.s3.amazonaws.com/photos/197151209/medium.jpeg,grizzly
https://inaturalist-open-data.s3.amazonaws.com/photos/197517436/medium.jpg,grizzly
https://inaturalist-open-data.s3.amazonaws.com/photos/198018575/medium.jpg,grizzly
https://inaturalist-open-data.s3.amazonaws.com/photos/198192982/medium.jpg,grizzly
https://inaturalist-open-data.s3.amazonaws.com/photos/198544875/medium.jpg,grizzly
https://inaturalist-open-data.s3.amazonaws.com/photos/198873729/medium.jpeg,grizzly
https://inaturalist-open-data.s3.amazonaws.com/photos/199006689/medium.jpeg,grizzly
https://inaturalist-open-data.s3.amazonaws.com/photos/19959718/medium.jpg,grizzly
https://inaturalist-open-data.s3.amazonaws.com/photos/200165306/medium.jpeg,grizzly
https://inaturalist-open-data.s3.amazonaws.com/photos/201253954/medium.jpeg,grizzly
https://inaturalist-open-data.s3.amazonaws.com/photos/201256939/medium.jpg,grizzly
https://inaturalist-open-data.s3.amazonaws.com/photos/201259639/medium.jpg,grizzly
https://inaturalist-open-data.s3.amazonaws.com/photos/201276315/medium.jpg,grizzly
https://inaturalist-open-data.s3.amazonaws.com/photos/202082073/medium.jpg,grizzly
https://inaturalist-open-data.s3.amazonaws.com/photos/202254083/medium.jpg,grizzly
https://inaturalist-open-data.s3.amazonaws.com/photos/202495359/medium.jpeg,grizzly
https://inaturalist-open-data.s3.amazonaws.com/photos/202571169/medium.jpg,grizzly
https://inaturalist-open-data.s3.amazonaws.com/photos/202834621/medium.jpeg,grizzly
https://inaturalist-open-data.s3.amazonaws.com/photos/203351523/medium.jpg,grizzly
https://inaturalist-open-data.s3.amazonaws.com/photos/203353081/medium.jpg,grizzly
https://inaturalist-open-data.s3.amazonaws.com/photos/203353580/medium.jpg,grizzly
https://inaturalist-open-data.s3.amazonaws.com/photos/203357426/medium.jpg,grizzly
https://inaturalist-open-data.s3.amazonaws.com/photos/203724840/medium.jpg,grizzly
https://inaturalist-open-data.s3.amazonaws.com/photos/204034176/medium.jpeg,grizzly
https://inaturalist-open-data.s3.amazonaws.com/photos/204034521/medium.jpeg,grizzly
https://inaturalist-open-data.s3.amazonaws.com/photos/204130850/medium.jpg,grizzly
https://inaturalist-open-data.s3.amazonaws.com/photos/204646491/medium.jpg,grizzly
https://inaturalist-open-data.s3.amazonaws.com/photos/205340788/medium.jpeg,grizzly
https://inaturalist-open-data.s3.amazonaws.com/photos/205620325/medium.jpeg,grizzly
https://inaturalist-open-data.s3.amazonaws.com/photos/205633408/medium.jpeg,grizzly
https://inaturalist-open-data.s3.amazonaws.com/photos/205634793/medium.jpeg,grizzly
https://inaturalist-open-data.s3.amazonaws.com/photos/205653793/medium.jpeg,grizzly
https://inaturalist-open-data.s3.amazonaws.com/photos/205905213/medium.jpg,grizzly
https://inaturalist-open-data.s3.amazonaws.com/photos/206230617/medium.jpeg,grizzly
https://inaturalist-open-data.s3.amazonaws.com/photos/20632643/medium.jpg,grizzly
https://inaturalist-open-data.s3.amazonaws.com/photos/206401223/medium.jpg,grizzly
https://inaturalist-open-data.s3.amazonaws.com/photos/20650638/medium.jpg,grizzly
https://inaturalist-open-data.s3.amazonaws.com/photos/206675383/medium.jpg,grizzly
https://inaturalist-open-data.s3.amazonaws.com/photos/206910370/medium.jpeg,grizzly
https://inaturalist-open-data.s3.amazonaws.com/photos/206992017/medium.jpeg,grizzly
https://inaturalist-open-data.s3.amazonaws.com/photos/207008635/medium.jpg,grizzly
https://inaturalist-open-data.s3.amazonaws.com/photos/207915589/medium.jpg,grizzly
https://inaturalist-open-data.s3.amazonaws.com/photos/208152897/medium.jpg,grizzly
https://inaturalist-open-data.s3.amazonaws.com/photos/20817103/medium.jpg,grizzly
https://inaturalist-open-data.s3.amazonaws.com/photos/20870568/medium.jpg,grizzly
https://inaturalist-open-data.s3.amazonaws.com/photos/209328450/medium.jpg,grizzly
https://inaturalist-open-data.s3.amazonaws.com/photos/209374484/medium.jpeg,grizzly
https://inaturalist-open-data.s3.amazonaws.com/photos/209837196/medium.jpeg,grizzly
https://inaturalist-open-data.s3.amazonaws.com/photos/21008420/medium.jpg,grizzly
https://inaturalist-open-data.s3.amazonaws.com/photos/210987980/medium.jpg,grizzly
https://inaturalist-open-data.s3.amazonaws.com/photos/211212653/medium.jpeg,grizzly
https://inaturalist-open-data.s3.amazonaws.com/photos/211292655/medium.jpeg,grizzly
https://inaturalist-open-data.s3.amazonaws.com/photos/21144677/medium.jpg,grizzly
https://inaturalist-open-data.s3.amazonaws.com/photos/211821834/medium.jpeg,grizzly
https://inaturalist-open-data.s3.amazonaws.com/photos/211824292/medium.jpeg,grizzly
https://inaturalist-open-data.s3.amazonaws.com/photos/2120262/medium.jpg,grizzly
https://inaturalist-open-data.s3.amazonaws.com/photos/212091036/medium.jpg,grizzly
https://inaturalist-open-data.s3.amazonaws.com/photos/212092435/medium.jpeg,grizzly
https://inaturalist-open-data.s3.amazonaws.com/photos/212093062/medium.jpeg,grizzly
https://inaturalist-open-data.s3.amazonaws.com/photos/212455411/medium.jpg,grizzly
https://inaturalist-open-data.s3.amazonaws.com/photos/212556028/medium.jpg,grizzly
https://inaturalist-open-data.s3.amazonaws.com/photos/212631538/medium.jpeg,grizzly
https://inaturalist-open-data.s3.amazonaws.com/photos/212647182/medium.jpeg,grizzly
https://inaturalist-open-data.s3.amazonaws.com/photos/212647737/medium.jpeg,grizzly
https://inaturalist-open-data.s3.amazonaws.com/photos/213131127/medium.jpg,grizzly
https://inaturalist-open-data.s3.amazonaws.com/photos/213244281/medium.jpg,grizzly
https://inaturalist-open-data.s3.amazonaws.com/photos/213670949/medium.jpg,grizzly
https://inaturalist-open-data.s3.amazonaws.com/photos/213783393/medium.jpg,grizzly
https://inaturalist-open-data.s3.amazonaws.com/photos/21414214/medium.jpeg,grizzly
https://inaturalist-open-data.s3.amazonaws.com/photos/214240651/medium.jpeg,grizzly
https://inaturalist-open-data.s3.amazonaws.com/photos/214822901/medium.jpg,grizzly
https://inaturalist-open-data.s3.amazonaws.com/photos/215629477/medium.jpg,grizzly
https://inaturalist-open-data.s3.amazonaws.com/photos/216482316/medium.jpg,grizzly
https://inaturalist-open-data.s3.amazonaws.com/photos/216520888/medium.jpeg,grizzly
https://inaturalist-open-data.s3.amazonaws.com/photos/216580684/medium.jpg,grizzly
https://inaturalist-open-data.s3.amazonaws.com/photos/217229522/medium.jpeg,grizzly
https://inaturalist-open-data.s3.amazonaws.com/photos/217484432/medium.jpeg,grizzly
https://inaturalist-open-data.s3.amazonaws.com/photos/218507442/medium.jpeg,grizzly
https://inaturalist-open-data.s3.amazonaws.com/photos/219667726/medium.jpg,grizzly
https://inaturalist-open-data.s3.amazonaws.com/photos/220689876/medium.jpeg,grizzly
https://inaturalist-open-data.s3.amazonaws.com/photos/22210277/medium.jpg,grizzly
https://inaturalist-open-data.s3.amazonaws.com/photos/222950434/medium.jpg,grizzly
https://inaturalist-open-data.s3.amazonaws.com/photos/223938924/medium.jpg,grizzly
https://inaturalist-open-data.s3.amazonaws.com/photos/223939005/medium.jpg,grizzly
https://inaturalist-open-data.s3.amazonaws.com/photos/224239074/medium.jpg,grizzly
https://inaturalist-open-data.s3.amazonaws.com/photos/224454633/medium.jpg,grizzly
https://inaturalist-open-data.s3.amazonaws.com/photos/226527729/medium.jpeg,grizzly
https://inaturalist-open-data.s3.amazonaws.com/photos/22715338/medium.jpg,grizzly
https://inaturalist-open-data.s3.amazonaws.com/photos/227248375/medium.jpg,grizzly
https://inaturalist-open-data.s3.amazonaws.com/photos/227248381/medium.jpg,grizzly
https://inaturalist-open-data.s3.amazonaws.com/photos/227478936/medium.jpg,grizzly
https://inaturalist-open-data.s3.amazonaws.com/photos/227478967/medium.jpg,grizzly
https://inaturalist-open-data.s3.amazonaws.com/photos/22865700/medium.jpg,grizzly
https://inaturalist-open-data.s3.amazonaws.com/photos/228772635/medium.jpeg,grizzly
https://inaturalist-open-data.s3.amazonaws.com/photos/230333172/medium.jpg,grizzly
https://inaturalist-open-data.s3.amazonaws.com/photos/230333191/medium.jpg,grizzly
https://inaturalist-open-data.s3.amazonaws.com/photos/230334577/medium.jpg,grizzly
https://inaturalist-open-data.s3.amazonaws.com/photos/23049637/medium.jpeg,grizzly
https://inaturalist-open-data.s3.amazonaws.com/photos/230632436/medium.jpg,grizzly
https://inaturalist-open-data.s3.amazonaws.com/photos/230666375/medium.jpeg,grizzly
https://inaturalist-open-data.s3.amazonaws.com/photos/23103688/medium.jpg,grizzly
https://inaturalist-open-data.s3.amazonaws.com/photos/231252426/medium.jpg,grizzly
https://inaturalist-open-data.s3.amazonaws.com/photos/23183662/medium.jpg,grizzly
https://inaturalist-open-data.s3.amazonaws.com/photos/233082434/medium.jpg,grizzly
https://inaturalist-open-data.s3.amazonaws.com/photos/233765952/medium.jpg,grizzly
https://inaturalist-open-data.s3.amazonaws.com/photos/235462512/medium.jpg,grizzly
https://inaturalist-open-data.s3.amazonaws.com/photos/235939708/medium.jpeg,grizzly
https://inaturalist-open-data.s3.amazonaws.com/photos/236441569/medium.jpg,grizzly
https://inaturalist-open-data.s3.amazonaws.com/photos/236763547/medium.jpg,grizzly
https://inaturalist-open-data.s3.amazonaws.com/photos/237201543/medium.jpg,grizzly
https://inaturalist-open-data.s3.amazonaws.com/photos/237201570/medium.jpg,grizzly
https://inaturalist-open-data.s3.amazonaws.com/photos/237201699/medium.jpg,grizzly
https://inaturalist-open-data.s3.amazonaws.com/photos/237236312/medium.jpg,grizzly
https://inaturalist-open-data.s3.amazonaws.com/photos/237282589/medium.jpg,grizzly
https://inaturalist-open-data.s3.amazonaws.com/photos/237310769/medium.jpeg,grizzly
https://inaturalist-open-data.s3.amazonaws.com/photos/237350580/medium.jpg,grizzly
https://inaturalist-open-data.s3.amazonaws.com/photos/237550962/medium.jpg,grizzly
https://inaturalist-open-data.s3.amazonaws.com/photos/237551102/medium.jpg,grizzly
https://inaturalist-open-data.s3.amazonaws.com/photos/237551261/medium.jpg,grizzly
https://inaturalist-open-data.s3.amazonaws.com/photos/237551272/medium.jpg,grizzly
https://inaturalist-open-data.s3.amazonaws.com/photos/237809030/medium.jpg,grizzly
https://inaturalist-open-data.s3.amazonaws.com/photos/237810294/medium.jpg,grizzly
https://inaturalist-open-data.s3.amazonaws.com/photos/238139394/medium.jpg,grizzly
https://inaturalist-open-data.s3.amazonaws.com/photos/238140234/medium.jpg,grizzly
https://inaturalist-open-data.s3.amazonaws.com/photos/238235916/medium.jpg,grizzly
https://inaturalist-open-data.s3.amazonaws.com/photos/239282072/medium.jpeg,grizzly
https://inaturalist-open-data.s3.amazonaws.com/photos/239591494/medium.jpeg,grizzly
https://inaturalist-open-data.s3.amazonaws.com/photos/239696317/medium.jpeg,grizzly
https://inaturalist-open-data.s3.amazonaws.com/photos/239779357/medium.jpg,grizzly
https://inaturalist-open-data.s3.amazonaws.com/photos/240749877/medium.jpg,grizzly
https://inaturalist-open-data.s3.amazonaws.com/photos/240749889/medium.jpg,grizzly
https://inaturalist-open-data.s3.amazonaws.com/photos/240749900/medium.jpg,grizzly
https://inaturalist-open-data.s3.amazonaws.com/photos/240806684/medium.jpg,grizzly
https://inaturalist-open-data.s3.amazonaws.com/photos/240806694/medium.jpg,grizzly
https://inaturalist-open-data.s3.amazonaws.com/photos/240806697/medium.jpg,grizzly
https://inaturalist-open-data.s3.amazonaws.com/photos/241074177/medium.jpg,grizzly
https://inaturalist-open-data.s3.amazonaws.com/photos/242374779/medium.jpeg,grizzly
https://inaturalist-open-data.s3.amazonaws.com/photos/242592394/medium.jpg,grizzly
https://inaturalist-open-data.s3.amazonaws.com/photos/242592570/medium.jpg,grizzly
https://inaturalist-open-data.s3.amazonaws.com/photos/242592588/medium.jpg,grizzly
https://inaturalist-open-data.s3.amazonaws.com/photos/242592598/medium.jpg,grizzly
https://inaturalist-open-data.s3.amazonaws.com/photos/242615374/medium.jpg,grizzly
https://inaturalist-open-data.s3.amazonaws.com/photos/242615414/medium.jpg,grizzly
https://inaturalist-open-data.s3.amazonaws.com/photos/242771802/medium.jpg,grizzly
https://inaturalist-open-data.s3.amazonaws.com/photos/242771825/medium.jpg,grizzly
https://inaturalist-open-data.s3.amazonaws.com/photos/242771843/medium.jpg,grizzly
https://inaturalist-open-data.s3.amazonaws.com/photos/242771916/medium.jpg,grizzly
https://inaturalist-open-data.s3.amazonaws.com/photos/242771925/medium.jpg,grizzly
https://inaturalist-open-data.s3.amazonaws.com/photos/242771932/medium.jpg,grizzly
https://inaturalist-open-data.s3.amazonaws.com/photos/242925160/medium.jpg,grizzly
https://inaturalist-open-data.s3.amazonaws.com/photos/243257332/medium.jpg,grizzly
https://inaturalist-open-data.s3.amazonaws.com/photos/243263122/medium.jpg,grizzly
https://inaturalist-open-data.s3.amazonaws.com/photos/243263864/medium.jpg,grizzly
https://inaturalist-open-data.s3.amazonaws.com/photos/243266273/medium.jpg,grizzly
https://inaturalist-open-data.s3.amazonaws.com/photos/244967608/medium.jpeg,grizzly
https://inaturalist-open-data.s3.amazonaws.com/photos/248008378/medium.jpeg,grizzly
https://inaturalist-open-data.s3.amazonaws.com/photos/248433125/medium.jpg,grizzly
https://inaturalist-open-data.s3.amazonaws.com/photos/249026769/medium.jpeg,grizzly
https://inaturalist-open-data.s3.amazonaws.com/photos/249185782/medium.jpeg,grizzly
https://inaturalist-open-data.s3.amazonaws.com/photos/249825970/medium.jpeg,grizzly
https://inaturalist-open-data.s3.amazonaws.com/photos/250840989/medium.jpg,grizzly
https://inaturalist-open-data.s3.amazonaws.com/photos/250840996/medium.jpg,grizzly
https://inaturalist-open-data.s3.amazonaws.com/photos/252425508/medium.jpg,grizzly
https://inaturalist-open-data.s3.amazonaws.com/photos/252581767/medium.jpg,grizzly
https://inaturalist-open-data.s3.amazonaws.com/photos/252740022/medium.jpg,grizzly
https://inaturalist-open-data.s3.amazonaws.com/photos/252871036/medium.jpg,grizzly
https://inaturalist-open-data.s3.amazonaws.com/photos/253188881/medium.jpg,grizzly
https://inaturalist-open-data.s3.amazonaws.com/photos/253189082/medium.jpg,grizzly
https://inaturalist-open-data.s3.amazonaws.com/photos/253331534/medium.jpg,grizzly
https://inaturalist-open-data.s3.amazonaws.com/photos/253988013/medium.jpg,grizzly
https://inaturalist-open-data.s3.amazonaws.com/photos/253988416/medium.jpeg,grizzly
https://inaturalist-open-data.s3.amazonaws.com/photos/254405439/medium.jpg,grizzly
https://inaturalist-open-data.s3.amazonaws.com/photos/254608532/medium.jpg,grizzly
https://inaturalist-open-data.s3.amazonaws.com/photos/254609336/medium.jpg,grizzly
https://inaturalist-open-data.s3.amazonaws.com/photos/254639526/medium.jpg,grizzly
https://inaturalist-open-data.s3.amazonaws.com/photos/254640097/medium.jpg,grizzly
https://inaturalist-open-data.s3.amazonaws.com/photos/254640884/medium.jpg,grizzly
https://inaturalist-open-data.s3.amazonaws.com/photos/254775202/medium.jpg,grizzly
https://inaturalist-open-data.s3.amazonaws.com/photos/255070474/medium.jpg,grizzly
https://inaturalist-open-data.s3.amazonaws.com/photos/255075314/medium.jpg,grizzly
https://inaturalist-open-data.s3.amazonaws.com/photos/255575566/medium.jpg,grizzly
https://inaturalist-open-data.s3.amazonaws.com/photos/255657606/medium.jpg,grizzly
https://inaturalist-open-data.s3.amazonaws.com/photos/256070775/medium.jpg,grizzly
https://inaturalist-open-data.s3.amazonaws.com/photos/25610209/medium.jpg,grizzly
https://inaturalist-open-data.s3.amazonaws.com/photos/256154753/medium.jpg,grizzly
https://inaturalist-open-data.s3.amazonaws.com/photos/256163105/medium.jpg,grizzly
https://inaturalist-open-data.s3.amazonaws.com/photos/256165055/medium.jpg,grizzly
https://inaturalist-open-data.s3.amazonaws.com/photos/256439574/medium.jpg,grizzly
https://inaturalist-open-data.s3.amazonaws.com/photos/256446172/medium.jpeg,grizzly
https://inaturalist-open-data.s3.amazonaws.com/photos/256455752/medium.jpg,grizzly
https://inaturalist-open-data.s3.amazonaws.com/photos/256456342/medium.jpg,grizzly
https://inaturalist-open-data.s3.amazonaws.com/photos/256456741/medium.jpg,grizzly
https://inaturalist-open-data.s3.amazonaws.com/photos/256456938/medium.jpg,grizzly
https://inaturalist-open-data.s3.amazonaws.com/photos/256458291/medium.jpg,grizzly
https://inaturalist-open-data.s3.amazonaws.com/photos/256459845/medium.jpg,grizzly
https://inaturalist-open-data.s3.amazonaws.com/photos/256539396/medium.jpg,grizzly
https://inaturalist-open-data.s3.amazonaws.com/photos/256562145/medium.jpg,grizzly
https://inaturalist-open-data.s3.amazonaws.com/photos/256565499/medium.jpg,grizzly
https://inaturalist-open-data.s3.amazonaws.com/photos/256566714/medium.jpg,grizzly
https://inaturalist-open-data.s3.amazonaws.com/photos/256568216/medium.jpg,grizzly
https://inaturalist-open-data.s3.amazonaws.com/photos/256577795/medium.jpg,grizzly
https://inaturalist-open-data.s3.amazonaws.com/photos/256817540/medium.jpeg,grizzly
https://inaturalist-open-data.s3.amazonaws.com/photos/256842316/medium.jpg,grizzly
https://inaturalist-open-data.s3.amazonaws.com/photos/256889343/medium.jpg,grizzly
https://inaturalist-open-data.s3.amazonaws.com/photos/256890885/medium.jpg,grizzly
https://inaturalist-open-data.s3.amazonaws.com/photos/257008219/medium.jpg,grizzly
https://inaturalist-open-data.s3.amazonaws.com/photos/257008722/medium.jpg,grizzly
https://inaturalist-open-data.s3.amazonaws.com/photos/257009022/medium.jpg,grizzly
https://inaturalist-open-data.s3.amazonaws.com/photos/257012332/medium.jpg,grizzly
https://inaturalist-open-data.s3.amazonaws.com/photos/257071840/medium.jpeg,grizzly
https://inaturalist-open-data.s3.amazonaws.com/photos/257071906/medium.jpeg,grizzly
https://inaturalist-open-data.s3.amazonaws.com/photos/257201466/medium.jpg,grizzly
https://inaturalist-open-data.s3.amazonaws.com/photos/257201836/medium.jpg,grizzly
https://inaturalist-open-data.s3.amazonaws.com/photos/257202252/medium.jpg,grizzly
https://inaturalist-open-data.s3.amazonaws.com/photos/257228036/medium.jpg,grizzly
https://inaturalist-open-data.s3.amazonaws.com/photos/257230883/medium.jpg,grizzly
https://inaturalist-open-data.s3.amazonaws.com/photos/257513192/medium.jpg,grizzly
https://inaturalist-open-data.s3.amazonaws.com/photos/257514486/medium.jpg,grizzly
https://inaturalist-open-data.s3.amazonaws.com/photos/257515005/medium.jpg,grizzly
https://inaturalist-open-data.s3.amazonaws.com/photos/257515570/medium.jpg,grizzly
https://inaturalist-open-data.s3.amazonaws.com/photos/257534611/medium.jpg,grizzly
https://inaturalist-open-data.s3.amazonaws.com/photos/257536577/medium.jpg,grizzly
https://inaturalist-open-data.s3.amazonaws.com/photos/257536828/medium.jpg,grizzly
https://inaturalist-open-data.s3.amazonaws.com/photos/257537034/medium.jpg,grizzly
https://inaturalist-open-data.s3.amazonaws.com/photos/257537180/medium.jpg,grizzly
https://inaturalist-open-data.s3.amazonaws.com/photos/257537275/medium.jpg,grizzly
https://inaturalist-open-data.s3.amazonaws.com/photos/257538773/medium.jpg,grizzly
https://inaturalist-open-data.s3.amazonaws.com/photos/257628756/medium.jpg,grizzly
https://inaturalist-open-data.s3.amazonaws.com/photos/257629886/medium.jpg,grizzly
https://inaturalist-open-data.s3.amazonaws.com/photos/257630648/medium.jpg,grizzly
https://inaturalist-open-data.s3.amazonaws.com/photos/257631943/medium.jpg,grizzly
https://inaturalist-open-data.s3.amazonaws.com/photos/257632566/medium.jpg,grizzly
https://inaturalist-open-data.s3.amazonaws.com/photos/257633365/medium.jpg,grizzly
https://inaturalist-open-data.s3.amazonaws.com/photos/257639620/medium.jpg,grizzly
https://inaturalist-open-data.s3.amazonaws.com/photos/257735134/medium.jpeg,grizzly
https://inaturalist-open-data.s3.amazonaws.com/photos/257792072/medium.jpg,grizzly
https://inaturalist-open-data.s3.amazonaws.com/photos/258000710/medium.jpg,grizzly
https://inaturalist-open-data.s3.amazonaws.com/photos/258001049/medium.jpg,grizzly
https://inaturalist-open-data.s3.amazonaws.com/photos/258181910/medium.jpg,grizzly
https://inaturalist-open-data.s3.amazonaws.com/photos/258250081/medium.jpg,grizzly
https://inaturalist-open-data.s3.amazonaws.com/photos/2583313/medium.jpg,grizzly
https://inaturalist-open-data.s3.amazonaws.com/photos/258485957/medium.jpg,grizzly
https://inaturalist-open-data.s3.amazonaws.com/photos/258616006/medium.jpg,grizzly
https://inaturalist-open-data.s3.amazonaws.com/photos/258627788/medium.jpg,grizzly
https://inaturalist-open-data.s3.amazonaws.com/photos/258628669/medium.jpg,grizzly
https://inaturalist-open-data.s3.amazonaws.com/photos/258760396/medium.jpg,grizzly
https://inaturalist-open-data.s3.amazonaws.com/photos/258773939/medium.jpg,grizzly
https://inaturalist-open-data.s3.amazonaws.com/photos/258773970/medium.jpg,grizzly
https://inaturalist-open-data.s3.amazonaws.com/photos/258909159/medium.jpg,grizzly
https://inaturalist-open-data.s3.amazonaws.com/photos/259233431/medium.jpg,grizzly
https://inaturalist-open-data.s3.amazonaws.com/photos/260261018/medium.jpg,grizzly
https://inaturalist-open-data.s3.amazonaws.com/photos/260651720/medium.jpg,grizzly
https://inaturalist-open-data.s3.amazonaws.com/photos/260652620/medium.jpg,grizzly
https://inaturalist-open-data.s3.amazonaws.com/photos/260743308/medium.jpg,grizzly
https://inaturalist-open-data.s3.amazonaws.com/photos/260743748/medium.jpg,grizzly
https://inaturalist-open-data.s3.amazonaws.com/photos/260809944/medium.jpg,grizzly
https://inaturalist-open-data.s3.amazonaws.com/photos/261518091/medium.jpg,grizzly
https://inaturalist-open-data.s3.amazonaws.com/photos/261521667/medium.png,grizzly
https://inaturalist-open-data.s3.amazonaws.com/photos/261898437/medium.jpg,grizzly
https://inaturalist-open-data.s3.amazonaws.com/photos/262204232/medium.png,grizzly
https://inaturalist-open-data.s3.amazonaws.com/photos/262229023/medium.jpg,grizzly
https://inaturalist-open-data.s3.amazonaws.com/photos/262237396/medium.jpg,grizzly
https://inaturalist-open-data.s3.amazonaws.com/photos/262238449/medium.jpg,grizzly
https://inaturalist-open-data.s3.amazonaws.com/photos/262305349/medium.jpg,grizzly
https://inaturalist-open-data.s3.amazonaws.com/photos/262305901/medium.jpg,grizzly
https://inaturalist-open-data.s3.amazonaws.com/photos/262309105/medium.jpg,grizzly
https://inaturalist-open-data.s3.amazonaws.com/photos/262311936/medium.jpg,grizzly
https://inaturalist-open-data.s3.amazonaws.com/photos/262312740/medium.jpg,grizzly
https://inaturalist-open-data.s3.amazonaws.com/photos/26330278/medium.jpeg,grizzly
https://inaturalist-open-data.s3.amazonaws.com/photos/263612149/medium.jpg,grizzly
https://inaturalist-open-data.s3.amazonaws.com/photos/264320524/medium.jpg,grizzly
https://inaturalist-open-data.s3.amazonaws.com/photos/26467205/medium.jpeg,grizzly
https://inaturalist-open-data.s3.amazonaws.com/photos/267577200/medium.jpg,grizzly
https://inaturalist-open-data.s3.amazonaws.com/photos/26939990/medium.jpg,grizzly
https://inaturalist-open-data.s3.amazonaws.com/photos/270481485/medium.jpg,grizzly
https://inaturalist-open-data.s3.amazonaws.com/photos/271211052/medium.jpg,grizzly
https://inaturalist-open-data.s3.amazonaws.com/photos/271849710/medium.jpeg,grizzly
https://inaturalist-open-data.s3.amazonaws.com/photos/273533561/medium.jpg,grizzly
https://inaturalist-open-data.s3.amazonaws.com/photos/273862423/medium.jpg,grizzly
https://inaturalist-open-data.s3.amazonaws.com/photos/276015232/medium.jpeg,grizzly
https://inaturalist-open-data.s3.amazonaws.com/photos/277890827/medium.jpeg,grizzly
https://inaturalist-open-data.s3.amazonaws.com/photos/278006492/medium.jpeg,grizzly
https://inaturalist-open-data.s3.amazonaws.com/photos/278128726/medium.jpeg,grizzly
https://inaturalist-open-data.s3.amazonaws.com/photos/279397365/medium.jpeg,grizzly
https://inaturalist-open-data.s3.amazonaws.com/photos/279816114/medium.jpeg,grizzly
https://inaturalist-open-data.s3.amazonaws.com/photos/283629423/medium.jpg,grizzly
https://inaturalist-open-data.s3.amazonaws.com/photos/284149578/medium.jpeg,grizzly
https://inaturalist-open-data.s3.amazonaws.com/photos/284199166/medium.jpg,grizzly
https://inaturalist-open-data.s3.amazonaws.com/photos/285091368/medium.jpg,grizzly
https://inaturalist-open-data.s3.amazonaws.com/photos/285515246/medium.jpg,grizzly
https://inaturalist-open-data.s3.amazonaws.com/photos/28560888/medium.jpg,grizzly
https://inaturalist-open-data.s3.amazonaws.com/photos/286340482/medium.jpeg,grizzly
https://inaturalist-open-data.s3.amazonaws.com/photos/287079464/medium.jpeg,grizzly
https://inaturalist-open-data.s3.amazonaws.com/photos/287385076/medium.jpg,grizzly
https://inaturalist-open-data.s3.amazonaws.com/photos/287385285/medium.jpg,grizzly
https://inaturalist-open-data.s3.amazonaws.com/photos/287589772/medium.jpg,grizzly
https://inaturalist-open-data.s3.amazonaws.com/photos/28939331/medium.jpg,grizzly
https://inaturalist-open-data.s3.amazonaws.com/photos/28939395/medium.jpg,grizzly
https://inaturalist-open-data.s3.amazonaws.com/photos/28939542/medium.jpg,grizzly
https://inaturalist-open-data.s3.amazonaws.com/photos/28939603/medium.jpg,grizzly
https://inaturalist-open-data.s3.amazonaws.com/photos/28995655/medium.jpeg,grizzly
https://inaturalist-open-data.s3.amazonaws.com/photos/29015968/medium.jpeg,grizzly
https://inaturalist-open-data.s3.amazonaws.com/photos/290569365/medium.jpeg,grizzly
https://inaturalist-open-data.s3.amazonaws.com/photos/290681753/medium.jpg,grizzly
https://inaturalist-open-data.s3.amazonaws.com/photos/291230550/medium.jpg,grizzly
https://inaturalist-open-data.s3.amazonaws.com/photos/29147803/medium.jpg,grizzly
https://inaturalist-open-data.s3.amazonaws.com/photos/29184100/medium.jpeg,grizzly
https://inaturalist-open-data.s3.amazonaws.com/photos/292719777/medium.jpeg,grizzly
https://inaturalist-open-data.s3.amazonaws.com/photos/293376929/medium.jpeg,grizzly
https://inaturalist-open-data.s3.amazonaws.com/photos/295222492/medium.jpg,grizzly
https://inaturalist-open-data.s3.amazonaws.com/photos/295881160/medium.jpg,grizzly
https://inaturalist-open-data.s3.amazonaws.com/photos/296254602/medium.jpg,grizzly
https://inaturalist-open-data.s3.amazonaws.com/photos/298257541/medium.jpg,grizzly
https://inaturalist-open-data.s3.amazonaws.com/photos/298258714/medium.jpg,grizzly
https://inaturalist-open-data.s3.amazonaws.com/photos/298522481/medium.jpg,grizzly
https://inaturalist-open-data.s3.amazonaws.com/photos/299016468/medium.jpg,grizzly
https://inaturalist-open-data.s3.amazonaws.com/photos/299496571/medium.jpg,grizzly
https://inaturalist-open-data.s3.amazonaws.com/photos/301259640/medium.jpg,grizzly
https://inaturalist-open-data.s3.amazonaws.com/photos/301599824/medium.jpg,grizzly
https://inaturalist-open-data.s3.amazonaws.com/photos/302546060/medium.jpg,grizzly
https://inaturalist-open-data.s3.amazonaws.com/photos/302586799/medium.jpeg,grizzly
https://inaturalist-open-data.s3.amazonaws.com/photos/302592027/medium.jpeg,grizzly
https://inaturalist-open-data.s3.amazonaws.com/photos/302962122/medium.jpg,grizzly
https://inaturalist-open-data.s3.amazonaws.com/photos/303009001/medium.jpg,grizzly
https://inaturalist-open-data.s3.amazonaws.com/photos/304289040/medium.jpg,grizzly
https://inaturalist-open-data.s3.amazonaws.com/photos/304484909/medium.jpeg,grizzly
https://inaturalist-open-data.s3.amazonaws.com/photos/304918146/medium.jpg,grizzly
https://inaturalist-open-data.s3.amazonaws.com/photos/304933039/medium.jpg,grizzly
https://inaturalist-open-data.s3.amazonaws.com/photos/305914418/medium.jpg,grizzly
https://inaturalist-open-data.s3.amazonaws.com/photos/305914485/medium.jpg,grizzly
https://inaturalist-open-data.s3.amazonaws.com/photos/307237297/medium.jpeg,grizzly
https://inaturalist-open-data.s3.amazonaws.com/photos/30906975/medium.jpg,grizzly
https://inaturalist-open-data.s3.amazonaws.com/photos/309189199/medium.jpg,grizzly
https://inaturalist-open-data.s3.amazonaws.com/photos/309427064/medium.jpeg,grizzly
https://inaturalist-open-data.s3.amazonaws.com/photos/309669967/medium.jpg,grizzly
https://inaturalist-open-data.s3.amazonaws.com/photos/309863573/medium.jpg,grizzly
https://inaturalist-open-data.s3.amazonaws.com/photos/309864180/medium.jpg,grizzly
https://inaturalist-open-data.s3.amazonaws.com/photos/310980408/medium.png,grizzly
https://inaturalist-open-data.s3.amazonaws.com/photos/311131817/medium.jpeg,grizzly
https://inaturalist-open-data.s3.amazonaws.com/photos/311162687/medium.jpeg,grizzly
https://inaturalist-open-data.s3.amazonaws.com/photos/311439757/medium.jpeg,grizzly
https://inaturalist-open-data.s3.amazonaws.com/photos/312457491/medium.jpg,grizzly
https://inaturalist-open-data.s3.amazonaws.com/photos/312734460/medium.jpg,grizzly
https://inaturalist-open-data.s3.amazonaws.com/photos/313402470/medium.jpeg,grizzly
https://inaturalist-open-data.s3.amazonaws.com/photos/313525797/medium.jpg,grizzly
https://inaturalist-open-data.s3.amazonaws.com/photos/313744817/medium.jpg,grizzly
https://inaturalist-open-data.s3.amazonaws.com/photos/313745895/medium.jpg,grizzly
https://inaturalist-open-data.s3.amazonaws.com/photos/313745901/medium.jpg,grizzly
https://inaturalist-open-data.s3.amazonaws.com/photos/315121940/medium.jpeg,grizzly
https://inaturalist-open-data.s3.amazonaws.com/photos/31554255/medium.jpg,grizzly
https://inaturalist-open-data.s3.amazonaws.com/photos/31580308/medium.jpg,grizzly
https://inaturalist-open-data.s3.amazonaws.com/photos/31585170/medium.jpeg,grizzly
https://inaturalist-open-data.s3.amazonaws.com/photos/31585378/medium.jpeg,grizzly
https://inaturalist-open-data.s3.amazonaws.com/photos/315928866/medium.jpeg,grizzly
https://inaturalist-open-data.s3.amazonaws.com/photos/315941415/medium.jpeg,grizzly
https://inaturalist-open-data.s3.amazonaws.com/photos/316504390/medium.jpeg,grizzly
https://inaturalist-open-data.s3.amazonaws.com/photos/317111324/medium.jpg,grizzly
https://inaturalist-open-data.s3.amazonaws.com/photos/317202430/medium.jpg,grizzly
https://inaturalist-open-data.s3.amazonaws.com/photos/317780571/medium.jpeg,grizzly
https://inaturalist-open-data.s3.amazonaws.com/photos/318006626/medium.jpg,grizzly
https://inaturalist-open-data.s3.amazonaws.com/photos/318686684/medium.jpeg,grizzly
https://inaturalist-open-data.s3.amazonaws.com/photos/320685153/medium.jpg,grizzly
https://inaturalist-open-data.s3.amazonaws.com/photos/320705640/medium.jpg,grizzly
https://inaturalist-open-data.s3.amazonaws.com/photos/32118442/medium.jpeg,grizzly
https://inaturalist-open-data.s3.amazonaws.com/photos/322294448/medium.jpeg,grizzly
https://inaturalist-open-data.s3.amazonaws.com/photos/322317243/medium.jpg,grizzly
https://inaturalist-open-data.s3.amazonaws.com/photos/322317461/medium.jpg,grizzly
https://inaturalist-open-data.s3.amazonaws.com/photos/322317512/medium.jpg,grizzly
https://inaturalist-open-data.s3.amazonaws.com/photos/322673976/medium.jpeg,grizzly
https://inaturalist-open-data.s3.amazonaws.com/photos/324474574/medium.jpeg,grizzly
https://inaturalist-open-data.s3.amazonaws.com/photos/32541192/medium.jpg,grizzly
https://inaturalist-open-data.s3.amazonaws.com/photos/325440041/medium.jpg,grizzly
https://inaturalist-open-data.s3.amazonaws.com/photos/326286242/medium.jpeg,grizzly
https://inaturalist-open-data.s3.amazonaws.com/photos/328195860/medium.jpeg,grizzly
https://inaturalist-open-data.s3.amazonaws.com/photos/335608119/medium.jpg,grizzly
https://inaturalist-open-data.s3.amazonaws.com/photos/336495175/medium.jpeg,grizzly
https://inaturalist-open-data.s3.amazonaws.com/photos/336574946/medium.jpeg,grizzly
https://inaturalist-open-data.s3.amazonaws.com/photos/337982233/medium.jpg,grizzly
https://inaturalist-open-data.s3.amazonaws.com/photos/338152296/medium.jpeg,grizzly
https://inaturalist-open-data.s3.amazonaws.com/photos/33827792/medium.jpg,grizzly
https://inaturalist-open-data.s3.amazonaws.com/photos/338352003/medium.jpeg,grizzly
https://inaturalist-open-data.s3.amazonaws.com/photos/338678748/medium.png,grizzly
https://inaturalist-open-data.s3.amazonaws.com/photos/338684997/medium.jpeg,grizzly
https://inaturalist-open-data.s3.amazonaws.com/photos/339473123/medium.jpeg,grizzly
https://inaturalist-open-data.s3.amazonaws.com/photos/341054203/medium.jpg,grizzly
https://inaturalist-open-data.s3.amazonaws.com/photos/341933755/medium.jpeg,grizzly
https://inaturalist-open-data.s3.amazonaws.com/photos/342292807/medium.jpeg,grizzly
https://inaturalist-open-data.s3.amazonaws.com/photos/347205167/medium.png,grizzly
https://inaturalist-open-data.s3.amazonaws.com/photos/347551549/medium.jpg,grizzly
https://inaturalist-open-data.s3.amazonaws.com/photos/347999505/medium.jpg,grizzly
https://inaturalist-open-data.s3.amazonaws.com/photos/349715323/medium.jpg,grizzly
https://inaturalist-open-data.s3.amazonaws.com/photos/350115904/medium.jpg,grizzly
https://inaturalist-open-data.s3.amazonaws.com/photos/354082682/medium.jpeg,grizzly
https://inaturalist-open-data.s3.amazonaws.com/photos/354603768/medium.jpg,grizzly
https://inaturalist-open-data.s3.amazonaws.com/photos/356531837/medium.jpg,grizzly
https://inaturalist-open-data.s3.amazonaws.com/photos/356652568/medium.jpeg,grizzly
https://inaturalist-open-data.s3.amazonaws.com/photos/35740419/medium.jpg,grizzly
https://inaturalist-open-data.s3.amazonaws.com/photos/35740790/medium.jpg,grizzly
https://inaturalist-open-data.s3.amazonaws.com/photos/358303231/medium.jpeg,grizzly
https://inaturalist-open-data.s3.amazonaws.com/photos/358323273/medium.jpeg,grizzly
https://inaturalist-open-data.s3.amazonaws.com/photos/360283344/medium.jpeg,grizzly
https://inaturalist-open-data.s3.amazonaws.com/photos/361133137/medium.jpeg,grizzly
https://inaturalist-open-data.s3.amazonaws.com/photos/361918265/medium.jpeg,grizzly
https://inaturalist-open-data.s3.amazonaws.com/photos/361980736/medium.jpeg,grizzly
https://inaturalist-open-data.s3.amazonaws.com/photos/362768799/medium.jpeg,grizzly
https://inaturalist-open-data.s3.amazonaws.com/photos/365180686/medium.jpg,grizzly
https://inaturalist-open-data.s3.amazonaws.com/photos/365464441/medium.jpeg,grizzly
https://inaturalist-open-data.s3.amazonaws.com/photos/37570499/medium.jpeg,grizzly
https://inaturalist-open-data.s3.amazonaws.com/photos/377533807/medium.jpeg,grizzly
https://inaturalist-open-data.s3.amazonaws.com/photos/37839285/medium.jpg,grizzly
https://inaturalist-open-data.s3.amazonaws.com/photos/379464816/medium.jpg,grizzly
https://inaturalist-open-data.s3.amazonaws.com/photos/380114555/medium.jpg,grizzly
https://inaturalist-open-data.s3.amazonaws.com/photos/380432087/medium.jpg,grizzly
https://inaturalist-open-data.s3.amazonaws.com/photos/381786855/medium.jpeg,grizzly
https://inaturalist-open-data.s3.amazonaws.com/photos/38208921/medium.jpeg,grizzly
https://inaturalist-open-data.s3.amazonaws.com/photos/38283700/medium.jpeg,grizzly
https://inaturalist-open-data.s3.amazonaws.com/photos/383043205/medium.jpg,grizzly
https://inaturalist-open-data.s3.amazonaws.com/photos/384429853/medium.jpg,grizzly
https://inaturalist-open-data.s3.amazonaws.com/photos/384809298/medium.jpeg,grizzly
https://inaturalist-open-data.s3.amazonaws.com/photos/3860923/medium.JPG,grizzly
https://inaturalist-open-data.s3.amazonaws.com/photos/3861057/medium.JPG,grizzly
https://inaturalist-open-data.s3.amazonaws.com/photos/3861120/medium.JPG,grizzly
https://inaturalist-open-data.s3.amazonaws.com/photos/386223580/medium.jpg,grizzly
https://inaturalist-open-data.s3.amazonaws.com/photos/3864124/medium.JPG,grizzly
https://inaturalist-open-data.s3.amazonaws.com/photos/3864187/medium.JPG,grizzly
https://inaturalist-open-data.s3.amazonaws.com/photos/38683482/medium.jpeg,grizzly
https://inaturalist-open-data.s3.amazonaws.com/photos/387219199/medium.jpg,grizzly
https://inaturalist-open-data.s3.amazonaws.com/photos/387227014/medium.jpeg,grizzly
https://inaturalist-open-data.s3.amazonaws.com/photos/387308465/medium.jpg,grizzly
https://inaturalist-open-data.s3.amazonaws.com/photos/3879059/medium.JPG,grizzly
https://inaturalist-open-data.s3.amazonaws.com/photos/388703110/medium.jpg,grizzly
https://inaturalist-open-data.s3.amazonaws.com/photos/390182217/medium.jpg,grizzly
https://inaturalist-open-data.s3.amazonaws.com/photos/390558062/medium.jpg,grizzly
https://inaturalist-open-data.s3.amazonaws.com/photos/390780/medium.jpg,grizzly
https://inaturalist-open-data.s3.amazonaws.com/photos/391350629/medium.jpeg,grizzly
https://inaturalist-open-data.s3.amazonaws.com/photos/391730722/medium.jpg,grizzly
https://inaturalist-open-data.s3.amazonaws.com/photos/391775482/medium.jpeg,grizzly
https://inaturalist-open-data.s3.amazonaws.com/photos/39213557/medium.jpg,grizzly
https://inaturalist-open-data.s3.amazonaws.com/photos/392746926/medium.jpg,grizzly
https://inaturalist-open-data.s3.amazonaws.com/photos/392839824/medium.jpg,grizzly
https://inaturalist-open-data.s3.amazonaws.com/photos/394333834/medium.jpg,grizzly
https://inaturalist-open-data.s3.amazonaws.com/photos/3956547/medium.jpeg,grizzly
https://inaturalist-open-data.s3.amazonaws.com/photos/395841013/medium.jpg,grizzly
https://inaturalist-open-data.s3.amazonaws.com/photos/395983453/medium.jpg,grizzly
https://inaturalist-open-data.s3.amazonaws.com/photos/397196515/medium.jpeg,grizzly
https://inaturalist-open-data.s3.amazonaws.com/photos/397579538/medium.jpg,grizzly
https://inaturalist-open-data.s3.amazonaws.com/photos/39764872/medium.jpeg,grizzly
https://inaturalist-open-data.s3.amazonaws.com/photos/397921014/medium.jpeg,grizzly
https://inaturalist-open-data.s3.amazonaws.com/photos/397935521/medium.jpg,grizzly
https://inaturalist-open-data.s3.amazonaws.com/photos/397941198/medium.jpg,grizzly
https://inaturalist-open-data.s3.amazonaws.com/photos/398277953/medium.jpg,grizzly
https://inaturalist-open-data.s3.amazonaws.com/photos/399058823/medium.jpg,grizzly
https://inaturalist-open-data.s3.amazonaws.com/photos/399710310/medium.jpeg,grizzly
https://inaturalist-open-data.s3.amazonaws.com/photos/40023843/medium.jpg,grizzly
https://inaturalist-open-data.s3.amazonaws.com/photos/400874894/medium.jpg,grizzly
https://inaturalist-open-data.s3.amazonaws.com/photos/401794185/medium.jpg,grizzly
https://inaturalist-open-data.s3.amazonaws.com/photos/402048760/medium.jpg,grizzly
https://inaturalist-open-data.s3.amazonaws.com/photos/402348376/medium.jpeg,grizzly
https://inaturalist-open-data.s3.amazonaws.com/photos/402765411/medium.jpg,grizzly
https://inaturalist-open-data.s3.amazonaws.com/photos/403442104/medium.jpeg,grizzly
https://inaturalist-open-data.s3.amazonaws.com/photos/403842875/medium.jpg,grizzly
https://inaturalist-open-data.s3.amazonaws.com/photos/403876575/medium.jpg,grizzly
https://inaturalist-open-data.s3.amazonaws.com/photos/403962443/medium.jpeg,grizzly
https://inaturalist-open-data.s3.amazonaws.com/photos/404226549/medium.jpeg,grizzly
https://inaturalist-open-data.s3.amazonaws.com/photos/404351856/medium.jpeg,grizzly
https://inaturalist-open-data.s3.amazonaws.com/photos/405814024/medium.jpg,grizzly
https://inaturalist-open-data.s3.amazonaws.com/photos/405882923/medium.jpg,grizzly
https://inaturalist-open-data.s3.amazonaws.com/photos/405951930/medium.jpeg,grizzly
https://inaturalist-open-data.s3.amazonaws.com/photos/405975856/medium.jpeg,grizzly
https://inaturalist-open-data.s3.amazonaws.com/photos/406988390/medium.jpeg,grizzly
https://inaturalist-open-data.s3.amazonaws.com/photos/407001365/medium.jpeg,grizzly
https://inaturalist-open-data.s3.amazonaws.com/photos/408768104/medium.jpg,grizzly
https://inaturalist-open-data.s3.amazonaws.com/photos/408768502/medium.jpg,grizzly
https://inaturalist-open-data.s3.amazonaws.com/photos/408962851/medium.jpeg,grizzly
https://inaturalist-open-data.s3.amazonaws.com/photos/409105624/medium.jpeg,grizzly
https://inaturalist-open-data.s3.amazonaws.com/photos/410068743/medium.jpeg,grizzly
https://inaturalist-open-data.s3.amazonaws.com/photos/41167477/medium.jpg,grizzly
https://inaturalist-open-data.s3.amazonaws.com/photos/412677347/medium.jpg,grizzly
https://inaturalist-open-data.s3.amazonaws.com/photos/412938828/medium.jpeg,grizzly
https://inaturalist-open-data.s3.amazonaws.com/photos/413141513/medium.jpeg,grizzly
https://inaturalist-open-data.s3.amazonaws.com/photos/413284269/medium.jpeg,grizzly
https://inaturalist-open-data.s3.amazonaws.com/photos/413539823/medium.jpg,grizzly
https://inaturalist-open-data.s3.amazonaws.com/photos/413944523/medium.jpeg,grizzly
https://inaturalist-open-data.s3.amazonaws.com/photos/413999496/medium.jpeg,grizzly
https://inaturalist-open-data.s3.amazonaws.com/photos/414415832/medium.jpeg,grizzly
https://inaturalist-open-data.s3.amazonaws.com/photos/415187310/medium.jpeg,grizzly
https://inaturalist-open-data.s3.amazonaws.com/photos/415579283/medium.jpg,grizzly
https://inaturalist-open-data.s3.amazonaws.com/photos/4156196/medium.jpg,grizzly
https://inaturalist-open-data.s3.amazonaws.com/photos/415956793/medium.jpeg,grizzly
https://inaturalist-open-data.s3.amazonaws.com/photos/416827145/medium.jpeg,grizzly
https://inaturalist-open-data.s3.amazonaws.com/photos/417031348/medium.jpg,grizzly
https://inaturalist-open-data.s3.amazonaws.com/photos/418329274/medium.jpeg,grizzly
https://inaturalist-open-data.s3.amazonaws.com/photos/419038030/medium.jpeg,grizzly
https://inaturalist-open-data.s3.amazonaws.com/photos/420036770/medium.jpeg,grizzly
https://inaturalist-open-data.s3.amazonaws.com/photos/420629048/medium.jpg,grizzly
https://inaturalist-open-data.s3.amazonaws.com/photos/420661484/medium.jpeg,grizzly
https://inaturalist-open-data.s3.amazonaws.com/photos/421560400/medium.jpg,grizzly
https://inaturalist-open-data.s3.amazonaws.com/photos/423253900/medium.jpeg,grizzly
https://inaturalist-open-data.s3.amazonaws.com/photos/424025149/medium.jpeg,grizzly
https://inaturalist-open-data.s3.amazonaws.com/photos/42564948/medium.jpg,grizzly
https://inaturalist-open-data.s3.amazonaws.com/photos/426557873/medium.jpeg,grizzly
https://inaturalist-open-data.s3.amazonaws.com/photos/427512134/medium.jpeg,grizzly
https://inaturalist-open-data.s3.amazonaws.com/photos/428369270/medium.jpeg,grizzly
https://inaturalist-open-data.s3.amazonaws.com/photos/428781486/medium.jpeg,grizzly
https://inaturalist-open-data.s3.amazonaws.com/photos/428805719/medium.jpeg,grizzly
https://inaturalist-open-data.s3.amazonaws.com/photos/428981791/medium.jpeg,grizzly
https://inaturalist-open-data.s3.amazonaws.com/photos/430819890/medium.jpeg,grizzly
https://inaturalist-open-data.s3.amazonaws.com/photos/431017998/medium.jpeg,grizzly
https://inaturalist-open-data.s3.amazonaws.com/photos/431797578/medium.jpg,grizzly
https://inaturalist-open-data.s3.amazonaws.com/photos/432326630/medium.jpeg,grizzly
https://inaturalist-open-data.s3.amazonaws.com/photos/432327188/medium.jpeg,grizzly
https://inaturalist-open-data.s3.amazonaws.com/photos/432525997/medium.jpeg,grizzly
https://inaturalist-open-data.s3.amazonaws.com/photos/432532756/medium.jpg,grizzly
https://inaturalist-open-data.s3.amazonaws.com/photos/433259033/medium.jpg,grizzly
https://inaturalist-open-data.s3.amazonaws.com/photos/433284489/medium.jpg,grizzly
https://inaturalist-open-data.s3.amazonaws.com/photos/433284632/medium.jpg,grizzly
https://inaturalist-open-data.s3.amazonaws.com/photos/434072839/medium.jpeg,grizzly
https://inaturalist-open-data.s3.amazonaws.com/photos/434997654/medium.jpeg,grizzly
https://inaturalist-open-data.s3.amazonaws.com/photos/4392178/medium.jpeg,grizzly
https://inaturalist-open-data.s3.amazonaws.com/photos/439238308/medium.jpeg,grizzly
https://inaturalist-open-data.s3.amazonaws.com/photos/439402723/medium.jpeg,grizzly
https://inaturalist-open-data.s3.amazonaws.com/photos/440336672/medium.jpeg,grizzly
https://inaturalist-open-data.s3.amazonaws.com/photos/440506890/medium.jpg,grizzly
https://inaturalist-open-data.s3.amazonaws.com/photos/440823285/medium.jpeg,grizzly
https://inaturalist-open-data.s3.amazonaws.com/photos/440830074/medium.jpeg,grizzly
https://inaturalist-open-data.s3.amazonaws.com/photos/44112831/medium.jpg,grizzly
https://inaturalist-open-data.s3.amazonaws.com/photos/443032742/medium.jpeg,grizzly
https://inaturalist-open-data.s3.amazonaws.com/photos/444524986/medium.jpeg,grizzly
https://inaturalist-open-data.s3.amazonaws.com/photos/447798816/medium.jpeg,grizzly
https://inaturalist-open-data.s3.amazonaws.com/photos/447963103/medium.jpeg,grizzly
https://inaturalist-open-data.s3.amazonaws.com/photos/452263014/medium.jpg,grizzly
https://inaturalist-open-data.s3.amazonaws.com/photos/452271852/medium.jpeg,grizzly
https://inaturalist-open-data.s3.amazonaws.com/photos/456550087/medium.jpg,grizzly
https://inaturalist-open-data.s3.amazonaws.com/photos/45667578/medium.jpg,grizzly
https://inaturalist-open-data.s3.amazonaws.com/photos/456969869/medium.jpeg,grizzly
https://inaturalist-open-data.s3.amazonaws.com/photos/456983332/medium.jpeg,grizzly
https://inaturalist-open-data.s3.amazonaws.com/photos/457501576/medium.jpg,grizzly
https://inaturalist-open-data.s3.amazonaws.com/photos/457892954/medium.jpg,grizzly
https://inaturalist-open-data.s3.amazonaws.com/photos/45996537/medium.jpg,grizzly
https://inaturalist-open-data.s3.amazonaws.com/photos/46093427/medium.jpg,grizzly
https://inaturalist-open-data.s3.amazonaws.com/photos/461509718/medium.jpeg,grizzly
https://inaturalist-open-data.s3.amazonaws.com/photos/462552386/medium.jpg,grizzly
https://inaturalist-open-data.s3.amazonaws.com/photos/462834843/medium.jpg,grizzly
https://inaturalist-open-data.s3.amazonaws.com/photos/4630318/medium.jpg,grizzly
https://inaturalist-open-data.s3.amazonaws.com/photos/46529394/medium.jpeg,grizzly
https://inaturalist-open-data.s3.amazonaws.com/photos/465963456/medium.jpg,grizzly
https://inaturalist-open-data.s3.amazonaws.com/photos/466756938/medium.jpg,grizzly
https://inaturalist-open-data.s3.amazonaws.com/photos/467774251/medium.jpg,grizzly
https://inaturalist-open-data.s3.amazonaws.com/photos/468106922/medium.jpg,grizzly
https://inaturalist-open-data.s3.amazonaws.com/photos/46974799/medium.jpg,grizzly
https://inaturalist-open-data.s3.amazonaws.com/photos/47134512/medium.jpg,grizzly
https://inaturalist-open-data.s3.amazonaws.com/photos/471525086/medium.jpeg,grizzly
https://inaturalist-open-data.s3.amazonaws.com/photos/471622518/medium.jpg,grizzly
https://inaturalist-open-data.s3.amazonaws.com/photos/474771588/medium.jpeg,grizzly
https://inaturalist-open-data.s3.amazonaws.com/photos/474771609/medium.jpeg,grizzly
https://inaturalist-open-data.s3.amazonaws.com/photos/474772688/medium.jpeg,grizzly
https://inaturalist-open-data.s3.amazonaws.com/photos/475570305/medium.jpg,grizzly
https://inaturalist-open-data.s3.amazonaws.com/photos/48590535/medium.jpg,grizzly
https://inaturalist-open-data.s3.amazonaws.com/photos/48830046/medium.jpeg,grizzly
https://inaturalist-open-data.s3.amazonaws.com/photos/48935304/medium.jpg,grizzly
https://inaturalist-open-data.s3.amazonaws.com/photos/489728460/medium.jpeg,grizzly
https://inaturalist-open-data.s3.amazonaws.com/photos/49080491/medium.jpeg,grizzly
https://inaturalist-open-data.s3.amazonaws.com/photos/49080510/medium.jpeg,grizzly
https://inaturalist-open-data.s3.amazonaws.com/photos/49195203/medium.png,grizzly
https://inaturalist-open-data.s3.amazonaws.com/photos/49321856/medium.jpeg,grizzly
https://inaturalist-open-data.s3.amazonaws.com/photos/493305952/medium.jpg,grizzly
https://inaturalist-open-data.s3.amazonaws.com/photos/49341329/medium.jpeg,grizzly
https://inaturalist-open-data.s3.amazonaws.com/photos/49341335/medium.jpeg,grizzly
https://inaturalist-open-data.s3.amazonaws.com/photos/49341351/medium.jpeg,grizzly
https://inaturalist-open-data.s3.amazonaws.com/photos/49341363/medium.jpeg,grizzly
https://inaturalist-open-data.s3.amazonaws.com/photos/496879998/medium.jpg,grizzly
https://inaturalist-open-data.s3.amazonaws.com/photos/498780958/medium.jpg,grizzly
https://inaturalist-open-data.s3.amazonaws.com/photos/499662834/medium.jpg,grizzly
https://inaturalist-open-data.s3.amazonaws.com/photos/50001218/medium.jpg,grizzly
https://inaturalist-open-data.s3.amazonaws.com/photos/50086994/medium.jpg,grizzly
https://inaturalist-open-data.s3.amazonaws.com/photos/50092889/medium.jpeg,grizzly
https://inaturalist-open-data.s3.amazonaws.com/photos/503057459/medium.jpeg,grizzly
https://inaturalist-open-data.s3.amazonaws.com/photos/50703987/medium.jpg,grizzly
https://inaturalist-open-data.s3.amazonaws.com/photos/507160804/medium.jpg,grizzly
https://inaturalist-open-data.s3.amazonaws.com/photos/507632784/medium.jpg,grizzly
https://inaturalist-open-data.s3.amazonaws.com/photos/507953270/medium.jpg,grizzly
https://inaturalist-open-data.s3.amazonaws.com/photos/507997129/medium.jpg,grizzly
https://inaturalist-open-data.s3.amazonaws.com/photos/508014752/medium.jpg,grizzly
https://inaturalist-open-data.s3.amazonaws.com/photos/508335852/medium.jpg,grizzly
https://inaturalist-open-data.s3.amazonaws.com/photos/508528005/medium.jpg,grizzly
https://inaturalist-open-data.s3.amazonaws.com/photos/508567895/medium.jpg,grizzly
https://inaturalist-open-data.s3.amazonaws.com/photos/509028491/medium.jpg,grizzly
https://inaturalist-open-data.s3.amazonaws.com/photos/509039860/medium.jpg,grizzly
https://inaturalist-open-data.s3.amazonaws.com/photos/510001935/medium.jpg,grizzly
https://inaturalist-open-data.s3.amazonaws.com/photos/511087617/medium.jpg,grizzly
https://inaturalist-open-data.s3.amazonaws.com/photos/51214270/medium.jpg,grizzly
https://inaturalist-open-data.s3.amazonaws.com/photos/512356729/medium.jpg,grizzly
https://inaturalist-open-data.s3.amazonaws.com/photos/513181693/medium.jpg,grizzly
https://inaturalist-open-data.s3.amazonaws.com/photos/513501510/medium.jpg,grizzly
https://inaturalist-open-data.s3.amazonaws.com/photos/513514613/medium.jpg,grizzly
https://inaturalist-open-data.s3.amazonaws.com/photos/513549182/medium.jpg,grizzly
https://inaturalist-open-data.s3.amazonaws.com/photos/513576914/medium.jpg,grizzly
https://inaturalist-open-data.s3.amazonaws.com/photos/513774938/medium.jpg,grizzly
https://inaturalist-open-data.s3.amazonaws.com/photos/514458891/medium.jpg,grizzly
https://inaturalist-open-data.s3.amazonaws.com/photos/515378583/medium.jpg,grizzly
https://inaturalist-open-data.s3.amazonaws.com/photos/516399674/medium.jpg,grizzly
https://inaturalist-open-data.s3.amazonaws.com/photos/517471377/medium.jpg,grizzly
https://inaturalist-open-data.s3.amazonaws.com/photos/518427509/medium.jpg,grizzly
https://inaturalist-open-data.s3.amazonaws.com/photos/518541599/medium.jpg,grizzly
https://inaturalist-open-data.s3.amazonaws.com/photos/518589089/medium.jpg,grizzly
https://inaturalist-open-data.s3.amazonaws.com/photos/519982360/medium.jpg,grizzly
https://inaturalist-open-data.s3.amazonaws.com/photos/519982391/medium.jpg,grizzly
https://inaturalist-open-data.s3.amazonaws.com/photos/519982394/medium.jpg,grizzly
https://inaturalist-open-data.s3.amazonaws.com/photos/520086524/medium.jpg,grizzly
https://inaturalist-open-data.s3.amazonaws.com/photos/52174259/medium.jpg,grizzly
https://inaturalist-open-data.s3.amazonaws.com/photos/52184779/medium.jpg,grizzly
https://inaturalist-open-data.s3.amazonaws.com/photos/522237697/medium.jpg,grizzly
https://inaturalist-open-data.s3.amazonaws.com/photos/522676422/medium.jpg,grizzly
https://inaturalist-open-data.s3.amazonaws.com/photos/522800835/medium.jpg,grizzly
https://inaturalist-open-data.s3.amazonaws.com/photos/523129016/medium.jpg,grizzly
https://inaturalist-open-data.s3.amazonaws.com/photos/523334724/medium.jpg,grizzly
https://inaturalist-open-data.s3.amazonaws.com/photos/523551938/medium.jpg,grizzly
https://inaturalist-open-data.s3.amazonaws.com/photos/523746974/medium.jpg,grizzly
https://inaturalist-open-data.s3.amazonaws.com/photos/523749064/medium.jpg,grizzly
https://inaturalist-open-data.s3.amazonaws.com/photos/523934500/medium.jpg,grizzly
https://inaturalist-open-data.s3.amazonaws.com/photos/524730990/medium.jpg,grizzly
https://inaturalist-open-data.s3.amazonaws.com/photos/524794468/medium.jpg,grizzly
https://inaturalist-open-data.s3.amazonaws.com/photos/52528644/medium.jpg,grizzly
https://inaturalist-open-data.s3.amazonaws.com/photos/525867767/medium.jpg,grizzly
https://inaturalist-open-data.s3.amazonaws.com/photos/525965976/medium.jpg,grizzly
https://inaturalist-open-data.s3.amazonaws.com/photos/526816006/medium.jpg,grizzly
https://inaturalist-open-data.s3.amazonaws.com/photos/527296261/medium.jpg,grizzly
https://inaturalist-open-data.s3.amazonaws.com/photos/527390148/medium.jpg,grizzly
https://inaturalist-open-data.s3.amazonaws.com/photos/527608869/medium.jpg,grizzly
https://inaturalist-open-data.s3.amazonaws.com/photos/528056647/medium.jpg,grizzly
https://inaturalist-open-data.s3.amazonaws.com/photos/528137241/medium.jpg,grizzly
https://inaturalist-open-data.s3.amazonaws.com/photos/528416359/medium.jpg,grizzly
https://inaturalist-open-data.s3.amazonaws.com/photos/52972914/medium.jpg,grizzly
https://inaturalist-open-data.s3.amazonaws.com/photos/531014836/medium.jpg,grizzly
https://inaturalist-open-data.s3.amazonaws.com/photos/531014850/medium.jpg,grizzly
https://inaturalist-open-data.s3.amazonaws.com/photos/531014899/medium.jpg,grizzly
https://inaturalist-open-data.s3.amazonaws.com/photos/531068451/medium.jpg,grizzly
https://inaturalist-open-data.s3.amazonaws.com/photos/531319788/medium.jpg,grizzly
https://inaturalist-open-data.s3.amazonaws.com/photos/532089457/medium.jpg,grizzly
https://inaturalist-open-data.s3.amazonaws.com/photos/533189395/medium.jpg,grizzly
https://inaturalist-open-data.s3.amazonaws.com/photos/533844927/medium.jpg,grizzly
https://inaturalist-open-data.s3.amazonaws.com/photos/533844943/medium.jpg,grizzly
https://inaturalist-open-data.s3.amazonaws.com/photos/533844958/medium.jpg,grizzly
https://inaturalist-open-data.s3.amazonaws.com/photos/533848493/medium.jpg,grizzly
https://inaturalist-open-data.s3.amazonaws.com/photos/533848524/medium.jpg,grizzly
https://inaturalist-open-data.s3.amazonaws.com/photos/536023337/medium.jpg,grizzly
https://inaturalist-open-data.s3.amazonaws.com/photos/536146321/medium.jpg,grizzly
https://inaturalist-open-data.s3.amazonaws.com/photos/536353857/medium.jpg,grizzly
https://inaturalist-open-data.s3.amazonaws.com/photos/538008588/medium.jpg,grizzly
https://inaturalist-open-data.s3.amazonaws.com/photos/538361923/medium.jpg,grizzly
https://inaturalist-open-data.s3.amazonaws.com/photos/53838014/medium.jpeg,grizzly
https://inaturalist-open-data.s3.amazonaws.com/photos/539417211/medium.jpg,grizzly
https://inaturalist-open-data.s3.amazonaws.com/photos/54015925/medium.jpeg,grizzly
https://inaturalist-open-data.s3.amazonaws.com/photos/540253764/medium.jpg,grizzly
https://inaturalist-open-data.s3.amazonaws.com/photos/540275846/medium.jpg,grizzly
https://inaturalist-open-data.s3.amazonaws.com/photos/54117857/medium.jpg,grizzly
https://inaturalist-open-data.s3.amazonaws.com/photos/541241106/medium.jpg,grizzly
https://inaturalist-open-data.s3.amazonaws.com/photos/541470504/medium.jpg,grizzly
https://inaturalist-open-data.s3.amazonaws.com/photos/542440922/medium.jpg,grizzly
https://inaturalist-open-data.s3.amazonaws.com/photos/54264831/medium.jpg,grizzly
https://inaturalist-open-data.s3.amazonaws.com/photos/54266659/medium.jpeg,grizzly
https://inaturalist-open-data.s3.amazonaws.com/photos/54266844/medium.jpeg,grizzly
https://inaturalist-open-data.s3.amazonaws.com/photos/54268184/medium.jpg,grizzly
https://inaturalist-open-data.s3.amazonaws.com/photos/542772875/medium.jpg,grizzly
https://inaturalist-open-data.s3.amazonaws.com/photos/543599507/medium.jpg,grizzly
https://inaturalist-open-data.s3.amazonaws.com/photos/543697388/medium.jpg,grizzly
https://inaturalist-open-data.s3.amazonaws.com/photos/544040768/medium.jpg,grizzly
https://inaturalist-open-data.s3.amazonaws.com/photos/544237323/medium.jpg,grizzly
https://inaturalist-open-data.s3.amazonaws.com/photos/544366386/medium.jpg,grizzly
https://inaturalist-open-data.s3.amazonaws.com/photos/545072406/medium.jpg,grizzly
https://inaturalist-open-data.s3.amazonaws.com/photos/545518832/medium.jpg,grizzly
https://inaturalist-open-data.s3.amazonaws.com/photos/546043616/medium.jpg,grizzly
https://inaturalist-open-data.s3.amazonaws.com/photos/546169756/medium.jpg,grizzly
https://inaturalist-open-data.s3.amazonaws.com/photos/546752523/medium.jpg,grizzly
https://inaturalist-open-data.s3.amazonaws.com/photos/54679183/medium.jpeg,grizzly
https://inaturalist-open-data.s3.amazonaws.com/photos/546978872/medium.jpg,grizzly
https://inaturalist-open-data.s3.amazonaws.com/photos/547296022/medium.jpg,grizzly
https://inaturalist-open-data.s3.amazonaws.com/photos/54798710/medium.jpeg,grizzly
https://inaturalist-open-data.s3.amazonaws.com/photos/548703806/medium.jpg,grizzly
https://inaturalist-open-data.s3.amazonaws.com/photos/548888624/medium.jpg,grizzly
https://inaturalist-open-data.s3.amazonaws.com/photos/549028680/medium.jpg,grizzly
https://inaturalist-open-data.s3.amazonaws.com/photos/549537985/medium.jpg,grizzly
https://inaturalist-open-data.s3.amazonaws.com/photos/550110479/medium.jpg,grizzly
https://inaturalist-open-data.s3.amazonaws.com/photos/550397631/medium.jpg,grizzly
https://inaturalist-open-data.s3.amazonaws.com/photos/551495630/medium.jpg,grizzly
https://inaturalist-open-data.s3.amazonaws.com/photos/55177866/medium.jpeg,grizzly
https://inaturalist-open-data.s3.amazonaws.com/photos/55290836/medium.jpeg,grizzly
https://inaturalist-open-data.s3.amazonaws.com/photos/553793218/medium.jpg,grizzly
https://inaturalist-open-data.s3.amazonaws.com/photos/553967978/medium.jpg,grizzly
https://inaturalist-open-data.s3.amazonaws.com/photos/554032082/medium.jpg,grizzly
https://inaturalist-open-data.s3.amazonaws.com/photos/554032164/medium.jpg,grizzly
https://inaturalist-open-data.s3.amazonaws.com/photos/554087283/medium.jpg,grizzly
https://inaturalist-open-data.s3.amazonaws.com/photos/554198963/medium.jpg,grizzly
https://inaturalist-open-data.s3.amazonaws.com/photos/554868245/medium.jpg,grizzly
https://inaturalist-open-data.s3.amazonaws.com/photos/555516930/medium.jpg,grizzly
https://inaturalist-open-data.s3.amazonaws.com/photos/555549399/medium.jpg,grizzly
https://inaturalist-open-data.s3.amazonaws.com/photos/556169683/medium.jpg,grizzly
https://inaturalist-open-data.s3.amazonaws.com/photos/557407461/medium.jpg,grizzly
https://inaturalist-open-data.s3.amazonaws.com/photos/559147706/medium.jpg,grizzly
https://inaturalist-open-data.s3.amazonaws.com/photos/559227661/medium.jpg,grizzly
https://inaturalist-open-data.s3.amazonaws.com/photos/559234550/medium.jpg,grizzly
https://inaturalist-open-data.s3.amazonaws.com/photos/560627908/medium.jpg,grizzly
https://inaturalist-open-data.s3.amazonaws.com/photos/561259217/medium.jpg,grizzly
https://inaturalist-open-data.s3.amazonaws.com/photos/561864843/medium.jpg,grizzly
https://inaturalist-open-data.s3.amazonaws.com/photos/562702436/medium.jpg,grizzly
https://inaturalist-open-data.s3.amazonaws.com/photos/562925895/medium.jpg,grizzly
https://inaturalist-open-data.s3.amazonaws.com/photos/563158328/medium.jpg,grizzly
https://inaturalist-open-data.s3.amazonaws.com/photos/563916151/medium.jpg,grizzly
https://inaturalist-open-data.s3.amazonaws.com/photos/56472014/medium.jpg,grizzly
https://inaturalist-open-data.s3.amazonaws.com/photos/567359915/medium.jpg,grizzly
https://inaturalist-open-data.s3.amazonaws.com/photos/568649328/medium.jpg,grizzly
https://inaturalist-open-data.s3.amazonaws.com/photos/57009049/medium.jpg,grizzly
https://inaturalist-open-data.s3.amazonaws.com/photos/570243968/medium.jpg,grizzly
https://inaturalist-open-data.s3.amazonaws.com/photos/570253969/medium.jpg,grizzly
https://inaturalist-open-data.s3.amazonaws.com/photos/57030370/medium.jpg,grizzly
https://inaturalist-open-data.s3.amazonaws.com/photos/570546382/medium.jpg,grizzly
https://inaturalist-open-data.s3.amazonaws.com/photos/570546388/medium.jpg,grizzly
https://inaturalist-open-data.s3.amazonaws.com/photos/570962436/medium.jpg,grizzly
https://inaturalist-open-data.s3.amazonaws.com/photos/571101754/medium.jpg,grizzly
https://inaturalist-open-data.s3.amazonaws.com/photos/571535886/medium.jpg,grizzly
https://inaturalist-open-data.s3.amazonaws.com/photos/572107997/medium.jpg,grizzly
https://inaturalist-open-data.s3.amazonaws.com/photos/572108024/medium.jpg,grizzly
https://inaturalist-open-data.s3.amazonaws.com/photos/572108042/medium.jpg,grizzly
https://inaturalist-open-data.s3.amazonaws.com/photos/572108307/medium.jpg,grizzly
https://inaturalist-open-data.s3.amazonaws.com/photos/574524803/medium.jpg,grizzly
https://inaturalist-open-data.s3.amazonaws.com/photos/575246461/medium.jpg,grizzly
https://inaturalist-open-data.s3.amazonaws.com/photos/575292672/medium.jpg,grizzly
https://inaturalist-open-data.s3.amazonaws.com/photos/575465472/medium.jpg,grizzly
https://inaturalist-open-data.s3.amazonaws.com/photos/579014994/medium.jpg,grizzly
https://inaturalist-open-data.s3.amazonaws.com/photos/57927035/medium.jpeg,grizzly
https://inaturalist-open-data.s3.amazonaws.com/photos/579949493/medium.jpg,grizzly
https://inaturalist-open-data.s3.amazonaws.com/photos/58028304/medium.jpg,grizzly
https://inaturalist-open-data.s3.amazonaws.com/photos/580704749/medium.jpg,grizzly
https://inaturalist-open-data.s3.amazonaws.com/photos/581617615/medium.jpg,grizzly
https://inaturalist-open-data.s3.amazonaws.com/photos/581623288/medium.jpg,grizzly
https://inaturalist-open-data.s3.amazonaws.com/photos/58194928/medium.jpeg,grizzly
https://inaturalist-open-data.s3.amazonaws.com/photos/582313656/medium.jpg,grizzly
https://inaturalist-open-data.s3.amazonaws.com/photos/582313696/medium.jpg,grizzly
https://inaturalist-open-data.s3.amazonaws.com/photos/582313964/medium.jpg,grizzly
https://inaturalist-open-data.s3.amazonaws.com/photos/582347430/medium.jpg,grizzly
https://inaturalist-open-data.s3.amazonaws.com/photos/582347495/medium.jpg,grizzly
https://inaturalist-open-data.s3.amazonaws.com/photos/582347611/medium.jpg,grizzly
https://inaturalist-open-data.s3.amazonaws.com/photos/582395886/medium.jpg,grizzly
https://inaturalist-open-data.s3.amazonaws.com/photos/582514326/medium.jpg,grizzly
https://inaturalist-open-data.s3.amazonaws.com/photos/582723258/medium.jpg,grizzly
https://inaturalist-open-data.s3.amazonaws.com/photos/584222666/medium.jpg,grizzly
https://inaturalist-open-data.s3.amazonaws.com/photos/585248864/medium.jpg,grizzly
https://inaturalist-open-data.s3.amazonaws.com/photos/587123633/medium.jpg,grizzly
https://inaturalist-open-data.s3.amazonaws.com/photos/58876431/medium.jpeg,grizzly
https://inaturalist-open-data.s3.amazonaws.com/photos/589476701/medium.jpg,grizzly
https://inaturalist-open-data.s3.amazonaws.com/photos/589799451/medium.jpg,grizzly
https://inaturalist-open-data.s3.amazonaws.com/photos/58986520/medium.jpg,grizzly
https://inaturalist-open-data.s3.amazonaws.com/photos/58994150/medium.jpeg,grizzly
https://inaturalist-open-data.s3.amazonaws.com/photos/59049940/medium.jpg,grizzly
https://inaturalist-open-data.s3.amazonaws.com/photos/59050705/medium.jpg,grizzly
https://inaturalist-open-data.s3.amazonaws.com/photos/59050772/medium.jpg,grizzly
https://inaturalist-open-data.s3.amazonaws.com/photos/59050773/medium.jpg,grizzly
https://inaturalist-open-data.s3.amazonaws.com/photos/59183068/medium.jpg,grizzly
https://inaturalist-open-data.s3.amazonaws.com/photos/59183094/medium.jpg,grizzly
https://inaturalist-open-data.s3.amazonaws.com/photos/59183141/medium.jpg,grizzly
https://inaturalist-open-data.s3.amazonaws.com/photos/59185400/medium.jpeg,grizzly
https://inaturalist-open-data.s3.amazonaws.com/photos/59185422/medium.jpeg,grizzly
https://inaturalist-open-data.s3.amazonaws.com/photos/59185502/medium.jpeg,grizzly
https://inaturalist-open-data.s3.amazonaws.com/photos/59190110/medium.jpeg,grizzly
https://inaturalist-open-data.s3.amazonaws.com/photos/591911811/medium.jpg,grizzly
https://inaturalist-open-data.s3.amazonaws.com/photos/59192404/medium.jpeg,grizzly
https://inaturalist-open-data.s3.amazonaws.com/photos/592112805/medium.jpg,grizzly
https://inaturalist-open-data.s3.amazonaws.com/photos/592113404/medium.jpg,grizzly
https://inaturalist-open-data.s3.amazonaws.com/photos/59345115/medium.jpeg,grizzly
https://inaturalist-open-data.s3.amazonaws.com/photos/60458604/medium.jpeg,grizzly
https://inaturalist-open-data.s3.amazonaws.com/photos/60688596/medium.jpeg,grizzly
https://inaturalist-open-data.s3.amazonaws.com/photos/60848090/medium.jpg,grizzly
https://inaturalist-open-data.s3.amazonaws.com/photos/62281309/medium.jpeg,grizzly
https://inaturalist-open-data.s3.amazonaws.com/photos/62337352/medium.jpg,grizzly
https://inaturalist-open-data.s3.amazonaws.com/photos/63134085/medium.jpg,grizzly
https://inaturalist-open-data.s3.amazonaws.com/photos/63134091/medium.jpg,grizzly
https://inaturalist-open-data.s3.amazonaws.com/photos/63134104/medium.jpg,grizzly
https://inaturalist-open-data.s3.amazonaws.com/photos/63134112/medium.jpg,grizzly
https://inaturalist-open-data.s3.amazonaws.com/photos/63134117/medium.jpg,grizzly
https://inaturalist-open-data.s3.amazonaws.com/photos/63134121/medium.jpg,grizzly
https://inaturalist-open-data.s3.amazonaws.com/photos/63134131/medium.jpg,grizzly
https://inaturalist-open-data.s3.amazonaws.com/photos/63135882/medium.jpg,grizzly
https://inaturalist-open-data.s3.amazonaws.com/photos/63136403/medium.jpg,grizzly
https://inaturalist-open-data.s3.amazonaws.com/photos/63136412/medium.jpg,grizzly
https://inaturalist-open-data.s3.amazonaws.com/photos/63136521/medium.jpg,grizzly
https://inaturalist-open-data.s3.amazonaws.com/photos/63555440/medium.jpg,grizzly
https://inaturalist-open-data.s3.amazonaws.com/photos/64367390/medium.jpg,grizzly
https://inaturalist-open-data.s3.amazonaws.com/photos/64957483/medium.jpeg,grizzly
https://inaturalist-open-data.s3.amazonaws.com/photos/65094029/medium.jpg,grizzly
https://inaturalist-open-data.s3.amazonaws.com/photos/65638790/medium.jpg,grizzly
https://inaturalist-open-data.s3.amazonaws.com/photos/66871823/medium.jpg,grizzly
https://inaturalist-open-data.s3.amazonaws.com/photos/66940961/medium.jpg,grizzly
https://inaturalist-open-data.s3.amazonaws.com/photos/68137466/medium.jpg,grizzly
https://inaturalist-open-data.s3.amazonaws.com/photos/68440085/medium.jpg,grizzly
https://inaturalist-open-data.s3.amazonaws.com/photos/68746117/medium.jpg,grizzly
https://inaturalist-open-data.s3.amazonaws.com/photos/69371634/medium.jpg,grizzly
https://inaturalist-open-data.s3.amazonaws.com/photos/69731543/medium.jpg,grizzly
https://inaturalist-open-data.s3.amazonaws.com/photos/69982717/medium.jpg,grizzly
https://inaturalist-open-data.s3.amazonaws.com/photos/69983025/medium.jpg,grizzly
https://inaturalist-open-data.s3.amazonaws.com/photos/69984259/medium.jpg,grizzly
https://inaturalist-open-data.s3.amazonaws.com/photos/71332259/medium.jpg,grizzly
https://inaturalist-open-data.s3.amazonaws.com/photos/71575846/medium.jpeg,grizzly
https://inaturalist-open-data.s3.amazonaws.com/photos/71730762/medium.jpeg,grizzly
https://inaturalist-open-data.s3.amazonaws.com/photos/73183001/medium.jpg,grizzly
https://inaturalist-open-data.s3.amazonaws.com/photos/73507883/medium.jpeg,grizzly
https://inaturalist-open-data.s3.amazonaws.com/photos/7480987/medium.jpeg,grizzly
https://inaturalist-open-data.s3.amazonaws.com/photos/7481143/medium.jpeg,grizzly
https://inaturalist-open-data.s3.amazonaws.com/photos/7481455/medium.jpeg,grizzly
https://inaturalist-open-data.s3.amazonaws.com/photos/7481612/medium.jpeg,grizzly
https://inaturalist-open-data.s3.amazonaws.com/photos/75132095/medium.jpg,grizzly
https://inaturalist-open-data.s3.amazonaws.com/photos/75891578/medium.jpg,grizzly
https://inaturalist-open-data.s3.amazonaws.com/photos/76929078/medium.jpg,grizzly
https://inaturalist-open-data.s3.amazonaws.com/photos/77057595/medium.jpeg,grizzly
https://inaturalist-open-data.s3.amazonaws.com/photos/77240635/medium.jpg,grizzly
https://inaturalist-open-data.s3.amazonaws.com/photos/77346480/medium.jpeg,grizzly
https://inaturalist-open-data.s3.amazonaws.com/photos/7777881/medium.jpeg,grizzly
https://inaturalist-open-data.s3.amazonaws.com/photos/77830597/medium.jpeg,grizzly
https://inaturalist-open-data.s3.amazonaws.com/photos/77965595/medium.jpg,grizzly
https://inaturalist-open-data.s3.amazonaws.com/photos/79216272/medium.jpg,grizzly
https://inaturalist-open-data.s3.amazonaws.com/photos/79379966/medium.jpg,grizzly
https://inaturalist-open-data.s3.amazonaws.com/photos/80412343/medium.jpg,grizzly
https://inaturalist-open-data.s3.amazonaws.com/photos/80412387/medium.jpg,grizzly
https://inaturalist-open-data.s3.amazonaws.com/photos/80412438/medium.jpg,grizzly
https://inaturalist-open-data.s3.amazonaws.com/photos/80418599/medium.jpg,grizzly
https://inaturalist-open-data.s3.amazonaws.com/photos/80474746/medium.jpg,grizzly
https://inaturalist-open-data.s3.amazonaws.com/photos/80992067/medium.jpeg,grizzly
https://inaturalist-open-data.s3.amazonaws.com/photos/81438247/medium.jpeg,grizzly
https://inaturalist-open-data.s3.amazonaws.com/photos/81541551/medium.jpg,grizzly
https://inaturalist-open-data.s3.amazonaws.com/photos/82818721/medium.jpg,grizzly
https://inaturalist-open-data.s3.amazonaws.com/photos/82888615/medium.jpg,grizzly
https://inaturalist-open-data.s3.amazonaws.com/photos/82900085/medium.jpeg,grizzly
https://inaturalist-open-data.s3.amazonaws.com/photos/82957612/medium.jpeg,grizzly
https://inaturalist-open-data.s3.amazonaws.com/photos/83143495/medium.jpg,grizzly
https://inaturalist-open-data.s3.amazonaws.com/photos/83199158/medium.jpg,grizzly
https://inaturalist-open-data.s3.amazonaws.com/photos/84051016/medium.jpeg,grizzly
https://inaturalist-open-data.s3.amazonaws.com/photos/84304370/medium.jpeg,grizzly
https://inaturalist-open-data.s3.amazonaws.com/photos/84467234/medium.jpg,grizzly
https://inaturalist-open-data.s3.amazonaws.com/photos/84624046/medium.jpg,grizzly
https://inaturalist-open-data.s3.amazonaws.com/photos/86480516/medium.jpg,grizzly
https://inaturalist-open-data.s3.amazonaws.com/photos/8700152/medium.jpeg,grizzly
https://inaturalist-open-data.s3.amazonaws.com/photos/8761978/medium.jpg,grizzly
https://inaturalist-open-data.s3.amazonaws.com/photos/87839952/medium.jpg,grizzly
https://inaturalist-open-data.s3.amazonaws.com/photos/88257923/medium.jpg,grizzly
https://inaturalist-open-data.s3.amazonaws.com/photos/88392810/medium.jpeg,grizzly
https://inaturalist-open-data.s3.amazonaws.com/photos/88393559/medium.jpeg,grizzly
https://inaturalist-open-data.s3.amazonaws.com/photos/88409001/medium.jpg,grizzly
https://inaturalist-open-data.s3.amazonaws.com/photos/9003823/medium.jpg,grizzly
https://inaturalist-open-data.s3.amazonaws.com/photos/9109208/medium.jpg,grizzly
https://inaturalist-open-data.s3.amazonaws.com/photos/91734133/medium.jpg,grizzly
https://inaturalist-open-data.s3.amazonaws.com/photos/92243773/medium.jpeg,grizzly
https://inaturalist-open-data.s3.amazonaws.com/photos/92244042/medium.jpeg,grizzly
https://inaturalist-open-data.s3.amazonaws.com/photos/92244145/medium.jpeg,grizzly
https://inaturalist-open-data.s3.amazonaws.com/photos/92244204/medium.jpeg,grizzly
https://inaturalist-open-data.s3.amazonaws.com/photos/92757528/medium.jpg,grizzly
https://inaturalist-open-data.s3.amazonaws.com/photos/9439339/medium.jpeg,grizzly
https://inaturalist-open-data.s3.amazonaws.com/photos/94562642/medium.jpg,grizzly
https://inaturalist-open-data.s3.amazonaws.com/photos/94913705/medium.jpg,grizzly
https://inaturalist-open-data.s3.amazonaws.com/photos/94923488/medium.jpg,grizzly
https://inaturalist-open-data.s3.amazonaws.com/photos/95024828/medium.jpeg,grizzly
https://inaturalist-open-data.s3.amazonaws.com/photos/95050480/medium.jpg,grizzly
https://inaturalist-open-data.s3.amazonaws.com/photos/95152327/medium.jpeg,grizzly
https://inaturalist-open-data.s3.amazonaws.com/photos/95200411/medium.jpeg,grizzly
https://inaturalist-open-data.s3.amazonaws.com/photos/95202857/medium.jpg,grizzly
https://inaturalist-open-data.s3.amazonaws.com/photos/95267614/medium.jpg,grizzly
https://inaturalist-open-data.s3.amazonaws.com/photos/95724899/medium.jpg,grizzly
https://inaturalist-open-data.s3.amazonaws.com/photos/96760647/medium.jpg,grizzly
https://inaturalist-open-data.s3.amazonaws.com/photos/96867043/medium.jpg,grizzly
https://inaturalist-open-data.s3.amazonaws.com/photos/97152957/medium.jpeg,grizzly
https://inaturalist-open-data.s3.amazonaws.com/photos/97153317/medium.jpeg,grizzly
https://inaturalist-open-data.s3.amazonaws.com/photos/97187380/medium.jpg,grizzly
https://inaturalist-open-data.s3.amazonaws.com/photos/97219873/medium.jpg,grizzly
https://inaturalist-open-data.s3.amazonaws.com/photos/97220279/medium.jpg,grizzly
https://inaturalist-open-data.s3.amazonaws.com/photos/97868130/medium.jpeg,grizzly
https://inaturalist-open-data.s3.amazonaws.com/photos/97872099/medium.jpeg,grizzly
https://inaturalist-open-data.s3.amazonaws.com/photos/97872344/medium.jpeg,grizzly
https://inaturalist-open-data.s3.amazonaws.com/photos/97872799/medium.jpeg,grizzly
https://inaturalist-open-data.s3.amazonaws.com/photos/97876421/medium.jpg,grizzly
https://inaturalist-open-data.s3.amazonaws.com/photos/97973475/medium.jpeg,grizzly
https://inaturalist-open-data.s3.amazonaws.com/photos/98099145/medium.jpg,grizzly
https://inaturalist-open-data.s3.amazonaws.com/photos/98326919/medium.jpg,grizzly
https://inaturalist-open-data.s3.amazonaws.com/photos/99434031/medium.jpeg,grizzly
https://inaturalist-open-data.s3.amazonaws.com/photos/99836033/medium.jpg,grizzly
https://inaturalist-open-data.s3.amazonaws.com/photos/594267617/medium.jpg,black bear
https://inaturalist-open-data.s3.amazonaws.com/photos/594152450/medium.jpg,black bear
https://inaturalist-open-data.s3.amazonaws.com/photos/593831835/medium.jpg,black bear
https://inaturalist-open-data.s3.amazonaws.com/photos/593485218/medium.jpg,black bear
https://inaturalist-open-data.s3.amazonaws.com/photos/593423499/medium.jpg,black bear
https://inaturalist-open-data.s3.amazonaws.com/photos/593191343/medium.jpg,black bear
https://inaturalist-open-data.s3.amazonaws.com/photos/592549248/medium.jpg,black bear
https://inaturalist-open-data.s3.amazonaws.com/photos/592368974/medium.jpg,black bear
https://inaturalist-open-data.s3.amazonaws.com/photos/591760284/medium.jpg,black bear
https://inaturalist-open-data.s3.amazonaws.com/photos/591045317/medium.jpg,black bear
https://inaturalist-open-data.s3.amazonaws.com/photos/590208134/medium.jpg,black bear
https://inaturalist-open-data.s3.amazonaws.com/photos/590807244/medium.jpg,black bear
https://inaturalist-open-data.s3.amazonaws.com/photos/590694560/medium.jpg,black bear
https://inaturalist-open-data.s3.amazonaws.com/photos/590136268/medium.jpg,black bear
https://inaturalist-open-data.s3.amazonaws.com/photos/589967471/medium.jpg,black bear
https://inaturalist-open-data.s3.amazonaws.com/photos/589773789/medium.jpg,black bear
https://inaturalist-open-data.s3.amazonaws.com/photos/589725436/medium.jpg,black bear
https://inaturalist-open-data.s3.amazonaws.com/photos/589189334/medium.jpg,black bear
https://inaturalist-open-data.s3.amazonaws.com/photos/589132644/medium.jpg,black bear
https://inaturalist-open-data.s3.amazonaws.com/photos/589101341/medium.jpg,black bear
https://inaturalist-open-data.s3.amazonaws.com/photos/588946467/medium.jpg,black bear
https://inaturalist-open-data.s3.amazonaws.com/photos/588823591/medium.jpg,black bear
https://inaturalist-open-data.s3.amazonaws.com/photos/588740540/medium.jpg,black bear
https://inaturalist-open-data.s3.amazonaws.com/photos/588474063/medium.jpg,black bear
https://inaturalist-open-data.s3.amazonaws.com/photos/588319621/medium.jpg,black bear
https://inaturalist-open-data.s3.amazonaws.com/photos/588008364/medium.jpg,black bear
https://inaturalist-open-data.s3.amazonaws.com/photos/588007269/medium.jpg,black bear
https://inaturalist-open-data.s3.amazonaws.com/photos/587957115/medium.jpg,black bear
https://inaturalist-open-data.s3.amazonaws.com/photos/587954104/medium.jpg,black bear
https://inaturalist-open-data.s3.amazonaws.com/photos/587944050/medium.jpg,black bear
https://inaturalist-open-data.s3.amazonaws.com/photos/587593180/medium.jpg,black bear
https://inaturalist-open-data.s3.amazonaws.com/photos/587562861/medium.jpg,black bear
https://inaturalist-open-data.s3.amazonaws.com/photos/587532068/medium.jpg,black bear
https://inaturalist-open-data.s3.amazonaws.com/photos/587272116/medium.jpg,black bear
https://inaturalist-open-data.s3.amazonaws.com/photos/587212595/medium.jpg,black bear
https://inaturalist-open-data.s3.amazonaws.com/photos/586490365/medium.jpg,black bear
https://inaturalist-open-data.s3.amazonaws.com/photos/586486161/medium.jpg,black bear
https://inaturalist-open-data.s3.amazonaws.com/photos/586483629/medium.jpg,black bear
https://inaturalist-open-data.s3.amazonaws.com/photos/586319707/medium.jpg,black bear
https://inaturalist-open-data.s3.amazonaws.com/photos/586308234/medium.jpg,black bear
https://inaturalist-open-data.s3.amazonaws.com/photos/586304347/medium.jpg,black bear
https://inaturalist-open-data.s3.amazonaws.com/photos/586231093/medium.jpg,black bear
https://inaturalist-open-data.s3.amazonaws.com/photos/586043292/medium.jpg,black bear
https://inaturalist-open-data.s3.amazonaws.com/photos/586008995/medium.jpg,black bear
https://inaturalist-open-data.s3.amazonaws.com/photos/585892497/medium.jpg,black bear
https://inaturalist-open-data.s3.amazonaws.com/photos/585874722/medium.jpg,black bear
https://inaturalist-open-data.s3.amazonaws.com/photos/585867800/medium.jpg,black bear
https://inaturalist-open-data.s3.amazonaws.com/photos/585859216/medium.jpg,black bear
https://inaturalist-open-data.s3.amazonaws.com/photos/585819115/medium.jpg,black bear
https://inaturalist-open-data.s3.amazonaws.com/photos/585388202/medium.jpg,black bear
https://inaturalist-open-data.s3.amazonaws.com/photos/585371842/medium.jpg,black bear
https://inaturalist-open-data.s3.amazonaws.com/photos/585311295/medium.jpg,black bear
https://inaturalist-open-data.s3.amazonaws.com/photos/585306503/medium.jpg,black bear
https://inaturalist-open-data.s3.amazonaws.com/photos/585051077/medium.jpg,black bear
https://inaturalist-open-data.s3.amazonaws.com/photos/584961183/medium.jpg,black bear
https://inaturalist-open-data.s3.amazonaws.com/photos/584778644/medium.jpg,black bear
https://inaturalist-open-data.s3.amazonaws.com/photos/584576192/medium.jpg,black bear
https://inaturalist-open-data.s3.amazonaws.com/photos/584353051/medium.jpg,black bear
https://inaturalist-open-data.s3.amazonaws.com/photos/584027722/medium.jpg,black bear
https://inaturalist-open-data.s3.amazonaws.com/photos/583967890/medium.jpg,black bear
https://inaturalist-open-data.s3.amazonaws.com/photos/583962215/medium.jpg,black bear
https://inaturalist-open-data.s3.amazonaws.com/photos/583789998/medium.jpg,black bear
https://inaturalist-open-data.s3.amazonaws.com/photos/583453939/medium.jpg,black bear
https://inaturalist-open-data.s3.amazonaws.com/photos/583447619/medium.jpg,black bear
https://inaturalist-open-data.s3.amazonaws.com/photos/583424950/medium.jpg,black bear
https://inaturalist-open-data.s3.amazonaws.com/photos/583305610/medium.jpg,black bear
https://inaturalist-open-data.s3.amazonaws.com/photos/583212987/medium.jpg,black bear
https://inaturalist-open-data.s3.amazonaws.com/photos/583085552/medium.jpg,black bear
https://inaturalist-open-data.s3.amazonaws.com/photos/583111759/medium.jpg,black bear
https://inaturalist-open-data.s3.amazonaws.com/photos/582957984/medium.jpg,black bear
https://inaturalist-open-data.s3.amazonaws.com/photos/582903261/medium.jpg,black bear
https://inaturalist-open-data.s3.amazonaws.com/photos/582521274/medium.jpg,black bear
https://inaturalist-open-data.s3.amazonaws.com/photos/582377828/medium.jpg,black bear
https://inaturalist-open-data.s3.amazonaws.com/photos/582375551/medium.jpg,black bear
https://inaturalist-open-data.s3.amazonaws.com/photos/582375366/medium.jpg,black bear
https://inaturalist-open-data.s3.amazonaws.com/photos/582374849/medium.jpg,black bear
https://inaturalist-open-data.s3.amazonaws.com/photos/582370051/medium.jpg,black bear
https://inaturalist-open-data.s3.amazonaws.com/photos/582347903/medium.jpg,black bear
https://inaturalist-open-data.s3.amazonaws.com/photos/582343389/medium.jpg,black bear
https://inaturalist-open-data.s3.amazonaws.com/photos/582313926/medium.jpg,black bear
https://inaturalist-open-data.s3.amazonaws.com/photos/582313912/medium.jpg,black bear
https://inaturalist-open-data.s3.amazonaws.com/photos/582313858/medium.jpg,black bear
https://inaturalist-open-data.s3.amazonaws.com/photos/582313716/medium.jpg,black bear
https://inaturalist-open-data.s3.amazonaws.com/photos/582263966/medium.jpg,black bear
https://inaturalist-open-data.s3.amazonaws.com/photos/581755667/medium.jpg,black bear
https://inaturalist-open-data.s3.amazonaws.com/photos/581747198/medium.jpg,black bear
https://inaturalist-open-data.s3.amazonaws.com/photos/581699211/medium.jpg,black bear
https://inaturalist-open-data.s3.amazonaws.com/photos/581629506/medium.jpg,black bear
https://inaturalist-open-data.s3.amazonaws.com/photos/581623882/medium.jpg,black bear
https://inaturalist-open-data.s3.amazonaws.com/photos/581518000/medium.jpg,black bear
https://inaturalist-open-data.s3.amazonaws.com/photos/581491285/medium.jpg,black bear
https://inaturalist-open-data.s3.amazonaws.com/photos/581404094/medium.jpg,black bear
https://inaturalist-open-data.s3.amazonaws.com/photos/581332054/medium.jpg,black bear
https://inaturalist-open-data.s3.amazonaws.com/photos/581128314/medium.jpg,black bear
https://inaturalist-open-data.s3.amazonaws.com/photos/581122578/medium.jpg,black bear
https://inaturalist-open-data.s3.amazonaws.com/photos/581120816/medium.jpg,black bear
https://inaturalist-open-data.s3.amazonaws.com/photos/580893665/medium.jpg,black bear
https://inaturalist-open-data.s3.amazonaws.com/photos/580488023/medium.jpg,black bear
https://inaturalist-open-data.s3.amazonaws.com/photos/580324419/medium.jpg,black bear
https://inaturalist-open-data.s3.amazonaws.com/photos/580320614/medium.jpg,black bear
https://inaturalist-open-data.s3.amazonaws.com/photos/580175761/medium.jpg,black bear
https://inaturalist-open-data.s3.amazonaws.com/photos/580065480/medium.jpg,black bear
https://inaturalist-open-data.s3.amazonaws.com/photos/580038132/medium.jpg,black bear
https://inaturalist-open-data.s3.amazonaws.com/photos/580016216/medium.jpg,black bear
https://inaturalist-open-data.s3.amazonaws.com/photos/579967145/medium.jpg,black bear
https://inaturalist-open-data.s3.amazonaws.com/photos/579827790/medium.jpg,black bear
https://inaturalist-open-data.s3.amazonaws.com/photos/579818969/medium.jpg,black bear
https://inaturalist-open-data.s3.amazonaws.com/photos/579806331/medium.jpg,black bear
https://inaturalist-open-data.s3.amazonaws.com/photos/579766675/medium.jpg,black bear
https://inaturalist-open-data.s3.amazonaws.com/photos/579589525/medium.jpg,black bear
https://inaturalist-open-data.s3.amazonaws.com/photos/579553466/medium.jpg,black bear
https://inaturalist-open-data.s3.amazonaws.com/photos/579462233/medium.jpg,black bear
https://inaturalist-open-data.s3.amazonaws.com/photos/579452320/medium.jpg,black bear
https://inaturalist-open-data.s3.amazonaws.com/photos/579451636/medium.jpg,black bear
https://inaturalist-open-data.s3.amazonaws.com/photos/579371165/medium.jpg,black bear
https://inaturalist-open-data.s3.amazonaws.com/photos/578616120/medium.jpg,black bear
https://inaturalist-open-data.s3.amazonaws.com/photos/578565943/medium.jpg,black bear
https://inaturalist-open-data.s3.amazonaws.com/photos/578564194/medium.jpg,black bear
https://inaturalist-open-data.s3.amazonaws.com/photos/578563680/medium.jpg,black bear
https://inaturalist-open-data.s3.amazonaws.com/photos/578528179/medium.jpg,black bear
https://inaturalist-open-data.s3.amazonaws.com/photos/578464289/medium.jpg,black bear
https://inaturalist-open-data.s3.amazonaws.com/photos/578339273/medium.jpg,black bear
https://inaturalist-open-data.s3.amazonaws.com/photos/578293819/medium.jpg,black bear
https://inaturalist-open-data.s3.amazonaws.com/photos/578212035/medium.jpg,black bear
https://inaturalist-open-data.s3.amazonaws.com/photos/578211923/medium.jpg,black bear
https://inaturalist-open-data.s3.amazonaws.com/photos/578158117/medium.jpg,black bear
https://inaturalist-open-data.s3.amazonaws.com/photos/578045204/medium.jpg,black bear
https://inaturalist-open-data.s3.amazonaws.com/photos/577931193/medium.jpg,black bear
https://inaturalist-open-data.s3.amazonaws.com/photos/577758562/medium.jpg,black bear
https://inaturalist-open-data.s3.amazonaws.com/photos/577691412/medium.jpg,black bear
https://inaturalist-open-data.s3.amazonaws.com/photos/577688677/medium.jpg,black bear
https://inaturalist-open-data.s3.amazonaws.com/photos/577511513/medium.jpg,black bear
https://inaturalist-open-data.s3.amazonaws.com/photos/577334081/medium.jpg,black bear
https://inaturalist-open-data.s3.amazonaws.com/photos/577310869/medium.jpg,black bear
https://inaturalist-open-data.s3.amazonaws.com/photos/577310841/medium.jpg,black bear
https://inaturalist-open-data.s3.amazonaws.com/photos/577156726/medium.jpg,black bear
https://inaturalist-open-data.s3.amazonaws.com/photos/577156696/medium.jpg,black bear
https://inaturalist-open-data.s3.amazonaws.com/photos/577058711/medium.jpg,black bear
https://inaturalist-open-data.s3.amazonaws.com/photos/577007726/medium.jpg,black bear
https://inaturalist-open-data.s3.amazonaws.com/photos/576968561/medium.jpg,black bear
https://inaturalist-open-data.s3.amazonaws.com/photos/576891483/medium.jpg,black bear
https://inaturalist-open-data.s3.amazonaws.com/photos/576682035/medium.jpg,black bear
https://inaturalist-open-data.s3.amazonaws.com/photos/576582838/medium.jpg,black bear
https://inaturalist-open-data.s3.amazonaws.com/photos/576523207/medium.jpg,black bear
https://inaturalist-open-data.s3.amazonaws.com/photos/576480747/medium.jpg,black bear
https://inaturalist-open-data.s3.amazonaws.com/photos/576469595/medium.jpg,black bear
https://inaturalist-open-data.s3.amazonaws.com/photos/576314003/medium.jpg,black bear
https://inaturalist-open-data.s3.amazonaws.com/photos/576221303/medium.jpg,black bear
https://inaturalist-open-data.s3.amazonaws.com/photos/576159970/medium.jpg,black bear
https://inaturalist-open-data.s3.amazonaws.com/photos/576118363/medium.jpg,black bear
https://inaturalist-open-data.s3.amazonaws.com/photos/576106744/medium.jpg,black bear
https://inaturalist-open-data.s3.amazonaws.com/photos/575846187/medium.jpg,black bear
https://inaturalist-open-data.s3.amazonaws.com/photos/575845494/medium.jpg,black bear
https://inaturalist-open-data.s3.amazonaws.com/photos/575681347/medium.jpg,black bear
https://inaturalist-open-data.s3.amazonaws.com/photos/575678781/medium.jpg,black bear
https://inaturalist-open-data.s3.amazonaws.com/photos/575666391/medium.jpg,black bear
https://inaturalist-open-data.s3.amazonaws.com/photos/575663630/medium.jpg,black bear
https://inaturalist-open-data.s3.amazonaws.com/photos/575647106/medium.jpg,black bear
https://inaturalist-open-data.s3.amazonaws.com/photos/575508209/medium.jpg,black bear
https://inaturalist-open-data.s3.amazonaws.com/photos/575408494/medium.jpg,black bear
https://inaturalist-open-data.s3.amazonaws.com/photos/575353659/medium.jpg,black bear
https://inaturalist-open-data.s3.amazonaws.com/photos/575247141/medium.jpg,black bear
https://inaturalist-open-data.s3.amazonaws.com/photos/575116284/medium.jpg,black bear
https://inaturalist-open-data.s3.amazonaws.com/photos/575079781/medium.jpg,black bear
https://inaturalist-open-data.s3.amazonaws.com/photos/574939200/medium.jpg,black bear
https://inaturalist-open-data.s3.amazonaws.com/photos/574872071/medium.jpg,black bear
https://inaturalist-open-data.s3.amazonaws.com/photos/574815387/medium.jpg,black bear
https://inaturalist-open-data.s3.amazonaws.com/photos/574429043/medium.jpg,black bear
https://inaturalist-open-data.s3.amazonaws.com/photos/574400026/medium.jpg,black bear
https://inaturalist-open-data.s3.amazonaws.com/photos/574241634/medium.jpg,black bear
https://inaturalist-open-data.s3.amazonaws.com/photos/574116371/medium.jpg,black bear
https://inaturalist-open-data.s3.amazonaws.com/photos/574111282/medium.jpg,black bear
https://inaturalist-open-data.s3.amazonaws.com/photos/574102874/medium.jpg,black bear
https://inaturalist-open-data.s3.amazonaws.com/photos/573986944/medium.jpg,black bear
https://inaturalist-open-data.s3.amazonaws.com/photos/573968030/medium.jpg,black bear
https://inaturalist-open-data.s3.amazonaws.com/photos/573772846/medium.jpg,black bear
https://inaturalist-open-data.s3.amazonaws.com/photos/573662173/medium.jpg,black bear
https://inaturalist-open-data.s3.amazonaws.com/photos/573544353/medium.jpg,black bear
https://inaturalist-open-data.s3.amazonaws.com/photos/573357329/medium.jpg,black bear
https://inaturalist-open-data.s3.amazonaws.com/photos/573544002/medium.jpg,black bear
https://inaturalist-open-data.s3.amazonaws.com/photos/573059949/medium.jpg,black bear
https://inaturalist-open-data.s3.amazonaws.com/photos/573286280/medium.jpg,black bear
https://inaturalist-open-data.s3.amazonaws.com/photos/572866381/medium.jpg,black bear
https://inaturalist-open-data.s3.amazonaws.com/photos/572669648/medium.jpg,black bear
https://inaturalist-open-data.s3.amazonaws.com/photos/572586387/medium.jpg,black bear
https://inaturalist-open-data.s3.amazonaws.com/photos/572577120/medium.jpg,black bear
https://inaturalist-open-data.s3.amazonaws.com/photos/572512511/medium.jpg,black bear
https://inaturalist-open-data.s3.amazonaws.com/photos/572348693/medium.jpg,black bear
https://inaturalist-open-data.s3.amazonaws.com/photos/572341724/medium.jpg,black bear
https://inaturalist-open-data.s3.amazonaws.com/photos/572338338/medium.jpg,black bear
https://inaturalist-open-data.s3.amazonaws.com/photos/572301208/medium.jpg,black bear
https://inaturalist-open-data.s3.amazonaws.com/photos/572298424/medium.jpg,black bear
https://inaturalist-open-data.s3.amazonaws.com/photos/572150268/medium.jpg,black bear
https://inaturalist-open-data.s3.amazonaws.com/photos/572128083/medium.jpg,black bear
https://inaturalist-open-data.s3.amazonaws.com/photos/572060444/medium.jpg,black bear
https://inaturalist-open-data.s3.amazonaws.com/photos/571995908/medium.jpg,black bear
https://inaturalist-open-data.s3.amazonaws.com/photos/571995748/medium.jpg,black bear
https://inaturalist-open-data.s3.amazonaws.com/photos/571745786/medium.jpg,black bear
https://inaturalist-open-data.s3.amazonaws.com/photos/571687735/medium.jpg,black bear
https://inaturalist-open-data.s3.amazonaws.com/photos/571661119/medium.jpg,black bear
https://inaturalist-open-data.s3.amazonaws.com/photos/571642359/medium.jpg,black bear
https://inaturalist-open-data.s3.amazonaws.com/photos/571630051/medium.jpg,black bear
https://inaturalist-open-data.s3.amazonaws.com/photos/571552202/medium.jpg,black bear
https://inaturalist-open-data.s3.amazonaws.com/photos/571551435/medium.jpg,black bear
https://inaturalist-open-data.s3.amazonaws.com/photos/571512705/medium.jpg,black bear
https://inaturalist-open-data.s3.amazonaws.com/photos/571478035/medium.jpg,black bear
https://inaturalist-open-data.s3.amazonaws.com/photos/571266924/medium.jpg,black bear
https://inaturalist-open-data.s3.amazonaws.com/photos/571241347/medium.jpg,black bear
https://inaturalist-open-data.s3.amazonaws.com/photos/571191360/medium.jpg,black bear
https://inaturalist-open-data.s3.amazonaws.com/photos/571191265/medium.jpg,black bear
https://inaturalist-open-data.s3.amazonaws.com/photos/571062583/medium.jpg,black bear
https://inaturalist-open-data.s3.amazonaws.com/photos/570999210/medium.jpg,black bear
https://inaturalist-open-data.s3.amazonaws.com/photos/570961401/medium.jpg,black bear
https://inaturalist-open-data.s3.amazonaws.com/photos/570673455/medium.jpg,black bear
https://inaturalist-open-data.s3.amazonaws.com/photos/570405591/medium.jpg,black bear
https://inaturalist-open-data.s3.amazonaws.com/photos/570365512/medium.jpg,black bear
https://inaturalist-open-data.s3.amazonaws.com/photos/570356726/medium.jpg,black bear
https://inaturalist-open-data.s3.amazonaws.com/photos/570347612/medium.jpg,black bear
https://inaturalist-open-data.s3.amazonaws.com/photos/570273087/medium.jpg,black bear
https://inaturalist-open-data.s3.amazonaws.com/photos/570246093/medium.jpg,black bear
https://inaturalist-open-data.s3.amazonaws.com/photos/570248727/medium.jpg,black bear
https://inaturalist-open-data.s3.amazonaws.com/photos/570164445/medium.jpg,black bear
https://inaturalist-open-data.s3.amazonaws.com/photos/570152016/medium.jpg,black bear
https://inaturalist-open-data.s3.amazonaws.com/photos/570025863/medium.jpg,black bear
https://inaturalist-open-data.s3.amazonaws.com/photos/569978867/medium.jpg,black bear
https://inaturalist-open-data.s3.amazonaws.com/photos/569978843/medium.jpg,black bear
https://inaturalist-open-data.s3.amazonaws.com/photos/569978845/medium.jpg,black bear
https://inaturalist-open-data.s3.amazonaws.com/photos/569974445/medium.jpg,black bear
https://inaturalist-open-data.s3.amazonaws.com/photos/569974441/medium.jpg,black bear
https://inaturalist-open-data.s3.amazonaws.com/photos/569974416/medium.jpg,black bear
https://inaturalist-open-data.s3.amazonaws.com/photos/569803007/medium.jpg,black bear
https://inaturalist-open-data.s3.amazonaws.com/photos/569803000/medium.jpg,black bear
https://inaturalist-open-data.s3.amazonaws.com/photos/569798716/medium.jpg,black bear
https://inaturalist-open-data.s3.amazonaws.com/photos/569798706/medium.jpg,black bear
https://inaturalist-open-data.s3.amazonaws.com/photos/569798707/medium.jpg,black bear
https://inaturalist-open-data.s3.amazonaws.com/photos/569798703/medium.jpg,black bear
https://inaturalist-open-data.s3.amazonaws.com/photos/569796029/medium.jpg,black bear
https://inaturalist-open-data.s3.amazonaws.com/photos/569795990/medium.jpg,black bear
https://inaturalist-open-data.s3.amazonaws.com/photos/569765099/medium.jpg,black bear
https://inaturalist-open-data.s3.amazonaws.com/photos/569755305/medium.jpg,black bear
https://inaturalist-open-data.s3.amazonaws.com/photos/569732359/medium.jpg,black bear
https://inaturalist-open-data.s3.amazonaws.com/photos/569641468/medium.jpg,black bear
https://inaturalist-open-data.s3.amazonaws.com/photos/569612085/medium.jpg,black bear
https://inaturalist-open-data.s3.amazonaws.com/photos/569611626/medium.jpg,black bear
https://inaturalist-open-data.s3.amazonaws.com/photos/569609916/medium.jpg,black bear
https://inaturalist-open-data.s3.amazonaws.com/photos/569474896/medium.jpg,black bear
https://inaturalist-open-data.s3.amazonaws.com/photos/569318989/medium.jpg,black bear
https://inaturalist-open-data.s3.amazonaws.com/photos/569310642/medium.jpg,black bear
https://inaturalist-open-data.s3.amazonaws.com/photos/569196966/medium.jpg,black bear
https://inaturalist-open-data.s3.amazonaws.com/photos/569223891/medium.jpg,black bear
https://inaturalist-open-data.s3.amazonaws.com/photos/569036628/medium.jpg,black bear
https://inaturalist-open-data.s3.amazonaws.com/photos/568890699/medium.jpg,black bear
https://inaturalist-open-data.s3.amazonaws.com/photos/568890888/medium.jpg,black bear
https://inaturalist-open-data.s3.amazonaws.com/photos/568877621/medium.jpg,black bear
https://inaturalist-open-data.s3.amazonaws.com/photos/568855037/medium.jpg,black bear
https://inaturalist-open-data.s3.amazonaws.com/photos/568819994/medium.jpg,black bear
https://inaturalist-open-data.s3.amazonaws.com/photos/568773619/medium.jpg,black bear
https://inaturalist-open-data.s3.amazonaws.com/photos/568760856/medium.jpg,black bear
https://inaturalist-open-data.s3.amazonaws.com/photos/568682865/medium.jpg,black bear
https://inaturalist-open-data.s3.amazonaws.com/photos/568669933/medium.jpg,black bear
https://inaturalist-open-data.s3.amazonaws.com/photos/568602668/medium.jpg,black bear
https://inaturalist-open-data.s3.amazonaws.com/photos/568330881/medium.jpg,black bear
https://inaturalist-open-data.s3.amazonaws.com/photos/568293472/medium.jpg,black bear
https://inaturalist-open-data.s3.amazonaws.com/photos/568310162/medium.jpg,black bear
https://inaturalist-open-data.s3.amazonaws.com/photos/568301197/medium.jpg,black bear
https://inaturalist-open-data.s3.amazonaws.com/photos/568670013/medium.jpg,black bear
https://inaturalist-open-data.s3.amazonaws.com/photos/568226996/medium.jpg,black bear
https://inaturalist-open-data.s3.amazonaws.com/photos/568215945/medium.jpg,black bear
https://inaturalist-open-data.s3.amazonaws.com/photos/568212373/medium.jpg,black bear
https://inaturalist-open-data.s3.amazonaws.com/photos/567992825/medium.jpg,black bear
https://inaturalist-open-data.s3.amazonaws.com/photos/567915709/medium.jpg,black bear
https://inaturalist-open-data.s3.amazonaws.com/photos/567627599/medium.jpg,black bear
https://inaturalist-open-data.s3.amazonaws.com/photos/567596345/medium.jpg,black bear
https://inaturalist-open-data.s3.amazonaws.com/photos/567572405/medium.jpg,black bear
https://inaturalist-open-data.s3.amazonaws.com/photos/567497396/medium.jpg,black bear
https://inaturalist-open-data.s3.amazonaws.com/photos/567470366/medium.jpg,black bear
https://inaturalist-open-data.s3.amazonaws.com/photos/567399954/medium.jpg,black bear
https://inaturalist-open-data.s3.amazonaws.com/photos/567349656/medium.jpg,black bear
https://inaturalist-open-data.s3.amazonaws.com/photos/567249332/medium.jpg,black bear
https://inaturalist-open-data.s3.amazonaws.com/photos/567140027/medium.jpg,black bear
https://inaturalist-open-data.s3.amazonaws.com/photos/567139872/medium.jpg,black bear
https://inaturalist-open-data.s3.amazonaws.com/photos/567138737/medium.jpg,black bear
https://inaturalist-open-data.s3.amazonaws.com/photos/567088364/medium.jpg,black bear
https://inaturalist-open-data.s3.amazonaws.com/photos/566976723/medium.jpg,black bear
https://inaturalist-open-data.s3.amazonaws.com/photos/566924677/medium.jpg,black bear
https://inaturalist-open-data.s3.amazonaws.com/photos/566924104/medium.jpg,black bear
https://inaturalist-open-data.s3.amazonaws.com/photos/566619653/medium.jpg,black bear
https://inaturalist-open-data.s3.amazonaws.com/photos/566565699/medium.jpg,black bear
https://inaturalist-open-data.s3.amazonaws.com/photos/566488084/medium.jpg,black bear
https://inaturalist-open-data.s3.amazonaws.com/photos/566296592/medium.jpg,black bear
https://inaturalist-open-data.s3.amazonaws.com/photos/566000764/medium.jpg,black bear
https://inaturalist-open-data.s3.amazonaws.com/photos/565959962/medium.jpg,black bear
https://inaturalist-open-data.s3.amazonaws.com/photos/565955736/medium.jpg,black bear
https://inaturalist-open-data.s3.amazonaws.com/photos/565832747/medium.jpg,black bear
https://inaturalist-open-data.s3.amazonaws.com/photos/565821658/medium.jpg,black bear
https://inaturalist-open-data.s3.amazonaws.com/photos/565736378/medium.jpg,black bear
https://inaturalist-open-data.s3.amazonaws.com/photos/565707868/medium.jpg,black bear
https://inaturalist-open-data.s3.amazonaws.com/photos/565642516/medium.jpg,black bear
https://inaturalist-open-data.s3.amazonaws.com/photos/565572405/medium.jpg,black bear
https://inaturalist-open-data.s3.amazonaws.com/photos/565529547/medium.jpg,black bear
https://inaturalist-open-data.s3.amazonaws.com/photos/565446898/medium.jpg,black bear
https://inaturalist-open-data.s3.amazonaws.com/photos/565177909/medium.jpg,black bear
https://inaturalist-open-data.s3.amazonaws.com/photos/565158676/medium.jpg,black bear
https://inaturalist-open-data.s3.amazonaws.com/photos/565103810/medium.jpg,black bear
https://inaturalist-open-data.s3.amazonaws.com/photos/565096048/medium.jpg,black bear
https://inaturalist-open-data.s3.amazonaws.com/photos/564899720/medium.jpg,black bear
https://inaturalist-open-data.s3.amazonaws.com/photos/564887618/medium.jpg,black bear
https://inaturalist-open-data.s3.amazonaws.com/photos/564689912/medium.jpg,black bear
https://inaturalist-open-data.s3.amazonaws.com/photos/564490067/medium.jpg,black bear
https://inaturalist-open-data.s3.amazonaws.com/photos/564488453/medium.jpg,black bear
https://inaturalist-open-data.s3.amazonaws.com/photos/564481187/medium.jpg,black bear
https://inaturalist-open-data.s3.amazonaws.com/photos/564424251/medium.jpg,black bear
https://inaturalist-open-data.s3.amazonaws.com/photos/564423850/medium.jpg,black bear
https://inaturalist-open-data.s3.amazonaws.com/photos/564370749/medium.jpg,black bear
https://inaturalist-open-data.s3.amazonaws.com/photos/564143596/medium.jpg,black bear
https://inaturalist-open-data.s3.amazonaws.com/photos/564112348/medium.jpg,black bear
https://inaturalist-open-data.s3.amazonaws.com/photos/563984007/medium.jpg,black bear
https://inaturalist-open-data.s3.amazonaws.com/photos/563958227/medium.jpg,black bear
https://inaturalist-open-data.s3.amazonaws.com/photos/563953402/medium.jpg,black bear
https://inaturalist-open-data.s3.amazonaws.com/photos/563942945/medium.jpg,black bear
https://inaturalist-open-data.s3.amazonaws.com/photos/563897481/medium.jpg,black bear
https://inaturalist-open-data.s3.amazonaws.com/photos/563895279/medium.jpg,black bear
https://inaturalist-open-data.s3.amazonaws.com/photos/563829340/medium.jpg,black bear
https://inaturalist-open-data.s3.amazonaws.com/photos/563759675/medium.jpg,black bear
https://inaturalist-open-data.s3.amazonaws.com/photos/563600329/medium.jpg,black bear
https://inaturalist-open-data.s3.amazonaws.com/photos/563162627/medium.jpg,black bear
https://inaturalist-open-data.s3.amazonaws.com/photos/563100861/medium.jpg,black bear
https://inaturalist-open-data.s3.amazonaws.com/photos/562990239/medium.jpg,black bear
https://inaturalist-open-data.s3.amazonaws.com/photos/562946647/medium.jpg,black bear
https://inaturalist-open-data.s3.amazonaws.com/photos/562899690/medium.jpg,black bear
https://inaturalist-open-data.s3.amazonaws.com/photos/562794456/medium.jpg,black bear
https://inaturalist-open-data.s3.amazonaws.com/photos/562749815/medium.jpg,black bear
https://inaturalist-open-data.s3.amazonaws.com/photos/562692620/medium.jpg,black bear
https://inaturalist-open-data.s3.amazonaws.com/photos/562677708/medium.jpg,black bear
https://inaturalist-open-data.s3.amazonaws.com/photos/562515768/medium.jpg,black bear
https://inaturalist-open-data.s3.amazonaws.com/photos/562245876/medium.jpg,black bear
https://inaturalist-open-data.s3.amazonaws.com/photos/562063211/medium.jpg,black bear
https://inaturalist-open-data.s3.amazonaws.com/photos/562061798/medium.jpg,black bear
https://inaturalist-open-data.s3.amazonaws.com/photos/567323875/medium.jpg,black bear
https://inaturalist-open-data.s3.amazonaws.com/photos/561958239/medium.jpg,black bear
https://inaturalist-open-data.s3.amazonaws.com/photos/561864827/medium.jpg,black bear
https://inaturalist-open-data.s3.amazonaws.com/photos/561792313/medium.jpg,black bear
https://inaturalist-open-data.s3.amazonaws.com/photos/561722071/medium.jpg,black bear
https://inaturalist-open-data.s3.amazonaws.com/photos/561722007/medium.jpg,black bear
https://inaturalist-open-data.s3.amazonaws.com/photos/561703381/medium.jpg,black bear
https://inaturalist-open-data.s3.amazonaws.com/photos/561663531/medium.jpg,black bear
https://inaturalist-open-data.s3.amazonaws.com/photos/561409858/medium.jpg,black bear
https://inaturalist-open-data.s3.amazonaws.com/photos/561256948/medium.jpg,black bear
https://inaturalist-open-data.s3.amazonaws.com/photos/561213713/medium.jpg,black bear
https://inaturalist-open-data.s3.amazonaws.com/photos/561101061/medium.jpg,black bear
https://inaturalist-open-data.s3.amazonaws.com/photos/561087105/medium.jpg,black bear
https://inaturalist-open-data.s3.amazonaws.com/photos/561065309/medium.jpg,black bear
https://inaturalist-open-data.s3.amazonaws.com/photos/561027660/medium.jpg,black bear
https://inaturalist-open-data.s3.amazonaws.com/photos/560998513/medium.jpg,black bear
https://inaturalist-open-data.s3.amazonaws.com/photos/560998423/medium.jpg,black bear
https://inaturalist-open-data.s3.amazonaws.com/photos/560745078/medium.jpg,black bear
https://inaturalist-open-data.s3.amazonaws.com/photos/560744857/medium.jpg,black bear
https://inaturalist-open-data.s3.amazonaws.com/photos/560714360/medium.jpg,black bear
https://inaturalist-open-data.s3.amazonaws.com/photos/560397869/medium.jpg,black bear
https://inaturalist-open-data.s3.amazonaws.com/photos/560351443/medium.jpg,black bear
https://inaturalist-open-data.s3.amazonaws.com/photos/560335700/medium.jpg,black bear
https://inaturalist-open-data.s3.amazonaws.com/photos/560289583/medium.jpg,black bear
https://inaturalist-open-data.s3.amazonaws.com/photos/560158583/medium.jpg,black bear
https://inaturalist-open-data.s3.amazonaws.com/photos/560113896/medium.jpg,black bear
https://inaturalist-open-data.s3.amazonaws.com/photos/560061917/medium.jpg,black bear
https://inaturalist-open-data.s3.amazonaws.com/photos/559939314/medium.jpg,black bear
https://inaturalist-open-data.s3.amazonaws.com/photos/559923575/medium.jpg,black bear
https://inaturalist-open-data.s3.amazonaws.com/photos/559910569/medium.jpg,black bear
https://inaturalist-open-data.s3.amazonaws.com/photos/559869505/medium.jpg,black bear
https://inaturalist-open-data.s3.amazonaws.com/photos/559625187/medium.jpg,black bear
https://inaturalist-open-data.s3.amazonaws.com/photos/559614403/medium.jpg,black bear
https://inaturalist-open-data.s3.amazonaws.com/photos/559467280/medium.jpg,black bear
https://inaturalist-open-data.s3.amazonaws.com/photos/559231343/medium.jpg,black bear
https://inaturalist-open-data.s3.amazonaws.com/photos/559229188/medium.jpg,black bear
https://inaturalist-open-data.s3.amazonaws.com/photos/559227580/medium.jpg,black bear
https://inaturalist-open-data.s3.amazonaws.com/photos/559210025/medium.jpg,black bear
https://inaturalist-open-data.s3.amazonaws.com/photos/559208425/medium.jpg,black bear
https://inaturalist-open-data.s3.amazonaws.com/photos/559182251/medium.jpg,black bear
https://inaturalist-open-data.s3.amazonaws.com/photos/559163664/medium.jpg,black bear
https://inaturalist-open-data.s3.amazonaws.com/photos/559161788/medium.jpg,black bear
https://inaturalist-open-data.s3.amazonaws.com/photos/559135294/medium.jpg,black bear
https://inaturalist-open-data.s3.amazonaws.com/photos/559122610/medium.jpg,black bear
https://inaturalist-open-data.s3.amazonaws.com/photos/559120495/medium.jpg,black bear
https://inaturalist-open-data.s3.amazonaws.com/photos/559157608/medium.jpg,black bear
https://inaturalist-open-data.s3.amazonaws.com/photos/559073516/medium.jpg,black bear
https://inaturalist-open-data.s3.amazonaws.com/photos/559047243/medium.jpg,black bear
https://inaturalist-open-data.s3.amazonaws.com/photos/559021739/medium.jpg,black bear
https://inaturalist-open-data.s3.amazonaws.com/photos/558803992/medium.jpg,black bear
https://inaturalist-open-data.s3.amazonaws.com/photos/558758433/medium.jpg,black bear
https://inaturalist-open-data.s3.amazonaws.com/photos/558714172/medium.jpg,black bear
https://inaturalist-open-data.s3.amazonaws.com/photos/558648195/medium.jpg,black bear
https://inaturalist-open-data.s3.amazonaws.com/photos/558643559/medium.jpg,black bear
https://inaturalist-open-data.s3.amazonaws.com/photos/558537032/medium.jpg,black bear
https://inaturalist-open-data.s3.amazonaws.com/photos/558455279/medium.jpg,black bear
https://inaturalist-open-data.s3.amazonaws.com/photos/558263239/medium.jpg,black bear
https://inaturalist-open-data.s3.amazonaws.com/photos/558121394/medium.jpg,black bear
https://inaturalist-open-data.s3.amazonaws.com/photos/557897848/medium.jpg,black bear
https://inaturalist-open-data.s3.amazonaws.com/photos/557419212/medium.jpg,black bear
https://inaturalist-open-data.s3.amazonaws.com/photos/557307517/medium.jpg,black bear
https://inaturalist-open-data.s3.amazonaws.com/photos/557058845/medium.jpg,black bear
https://inaturalist-open-data.s3.amazonaws.com/photos/557021141/medium.jpg,black bear
https://inaturalist-open-data.s3.amazonaws.com/photos/557009367/medium.jpg,black bear
https://inaturalist-open-data.s3.amazonaws.com/photos/556985224/medium.jpg,black bear
https://inaturalist-open-data.s3.amazonaws.com/photos/556759833/medium.jpg,black bear
https://inaturalist-open-data.s3.amazonaws.com/photos/556719040/medium.jpg,black bear
https://inaturalist-open-data.s3.amazonaws.com/photos/556482159/medium.jpg,black bear
https://inaturalist-open-data.s3.amazonaws.com/photos/556245863/medium.jpg,black bear
https://inaturalist-open-data.s3.amazonaws.com/photos/556121742/medium.jpg,black bear
https://inaturalist-open-data.s3.amazonaws.com/photos/556049337/medium.jpg,black bear
https://inaturalist-open-data.s3.amazonaws.com/photos/555977653/medium.jpg,black bear
https://inaturalist-open-data.s3.amazonaws.com/photos/555876737/medium.jpg,black bear
https://inaturalist-open-data.s3.amazonaws.com/photos/555853288/medium.jpg,black bear
https://inaturalist-open-data.s3.amazonaws.com/photos/555801752/medium.jpg,black bear
https://inaturalist-open-data.s3.amazonaws.com/photos/555760400/medium.jpg,black bear
https://inaturalist-open-data.s3.amazonaws.com/photos/555724377/medium.jpg,black bear
https://inaturalist-open-data.s3.amazonaws.com/photos/555605281/medium.jpg,black bear
https://inaturalist-open-data.s3.amazonaws.com/photos/555544730/medium.jpg,black bear
https://inaturalist-open-data.s3.amazonaws.com/photos/555461956/medium.jpg,black bear
https://inaturalist-open-data.s3.amazonaws.com/photos/555461582/medium.jpg,black bear
https://inaturalist-open-data.s3.amazonaws.com/photos/555457999/medium.jpg,black bear
https://inaturalist-open-data.s3.amazonaws.com/photos/555453875/medium.jpg,black bear
https://inaturalist-open-data.s3.amazonaws.com/photos/555277480/medium.jpg,black bear
https://inaturalist-open-data.s3.amazonaws.com/photos/555254617/medium.jpg,black bear
https://inaturalist-open-data.s3.amazonaws.com/photos/555162292/medium.jpg,black bear
https://inaturalist-open-data.s3.amazonaws.com/photos/555153162/medium.jpg,black bear
https://inaturalist-open-data.s3.amazonaws.com/photos/555076155/medium.jpg,black bear
https://inaturalist-open-data.s3.amazonaws.com/photos/555074798/medium.jpg,black bear
https://inaturalist-open-data.s3.amazonaws.com/photos/554949337/medium.jpg,black bear
https://inaturalist-open-data.s3.amazonaws.com/photos/554905565/medium.jpg,black bear
https://inaturalist-open-data.s3.amazonaws.com/photos/554765557/medium.jpg,black bear
https://inaturalist-open-data.s3.amazonaws.com/photos/554491372/medium.jpg,black bear
https://inaturalist-open-data.s3.amazonaws.com/photos/554477038/medium.jpg,black bear
https://inaturalist-open-data.s3.amazonaws.com/photos/554476709/medium.jpg,black bear
https://inaturalist-open-data.s3.amazonaws.com/photos/554476564/medium.jpg,black bear
https://inaturalist-open-data.s3.amazonaws.com/photos/554476035/medium.jpg,black bear
https://inaturalist-open-data.s3.amazonaws.com/photos/554490599/medium.jpg,black bear
https://inaturalist-open-data.s3.amazonaws.com/photos/554493299/medium.jpg,black bear
https://inaturalist-open-data.s3.amazonaws.com/photos/554476469/medium.jpg,black bear
https://inaturalist-open-data.s3.amazonaws.com/photos/554320618/medium.jpg,black bear
https://inaturalist-open-data.s3.amazonaws.com/photos/554311662/medium.jpg,black bear
https://inaturalist-open-data.s3.amazonaws.com/photos/554246137/medium.jpg,black bear
https://inaturalist-open-data.s3.amazonaws.com/photos/554234892/medium.jpg,black bear
https://inaturalist-open-data.s3.amazonaws.com/photos/554205860/medium.jpg,black bear
https://inaturalist-open-data.s3.amazonaws.com/photos/554211832/medium.jpg,black bear
https://inaturalist-open-data.s3.amazonaws.com/photos/554145526/medium.jpg,black bear
https://inaturalist-open-data.s3.amazonaws.com/photos/554100279/medium.jpg,black bear
https://inaturalist-open-data.s3.amazonaws.com/photos/554098234/medium.jpg,black bear
https://inaturalist-open-data.s3.amazonaws.com/photos/554074340/medium.jpg,black bear
https://inaturalist-open-data.s3.amazonaws.com/photos/554051791/medium.jpg,black bear
https://inaturalist-open-data.s3.amazonaws.com/photos/553999104/medium.jpg,black bear
https://inaturalist-open-data.s3.amazonaws.com/photos/553998901/medium.jpg,black bear
https://inaturalist-open-data.s3.amazonaws.com/photos/553994472/medium.jpg,black bear
https://inaturalist-open-data.s3.amazonaws.com/photos/553938901/medium.jpg,black bear
https://inaturalist-open-data.s3.amazonaws.com/photos/553924447/medium.jpg,black bear
https://inaturalist-open-data.s3.amazonaws.com/photos/553870840/medium.jpg,black bear
https://inaturalist-open-data.s3.amazonaws.com/photos/553875810/medium.jpg,black bear
https://inaturalist-open-data.s3.amazonaws.com/photos/553735903/medium.jpg,black bear
https://inaturalist-open-data.s3.amazonaws.com/photos/553531777/medium.jpg,black bear
https://inaturalist-open-data.s3.amazonaws.com/photos/553469577/medium.jpg,black bear
https://inaturalist-open-data.s3.amazonaws.com/photos/553469510/medium.jpg,black bear
https://inaturalist-open-data.s3.amazonaws.com/photos/553419123/medium.jpg,black bear
https://inaturalist-open-data.s3.amazonaws.com/photos/553363276/medium.jpg,black bear
https://inaturalist-open-data.s3.amazonaws.com/photos/553162228/medium.jpg,black bear
https://inaturalist-open-data.s3.amazonaws.com/photos/553132380/medium.jpg,black bear
https://inaturalist-open-data.s3.amazonaws.com/photos/552879332/medium.jpg,black bear
https://inaturalist-open-data.s3.amazonaws.com/photos/552865707/medium.jpg,black bear
https://inaturalist-open-data.s3.amazonaws.com/photos/552864685/medium.jpg,black bear
https://inaturalist-open-data.s3.amazonaws.com/photos/552826196/medium.jpg,black bear
https://inaturalist-open-data.s3.amazonaws.com/photos/552797737/medium.jpg,black bear
https://inaturalist-open-data.s3.amazonaws.com/photos/552752841/medium.jpg,black bear
https://inaturalist-open-data.s3.amazonaws.com/photos/552732871/medium.jpg,black bear
https://inaturalist-open-data.s3.amazonaws.com/photos/552709405/medium.jpg,black bear
https://inaturalist-open-data.s3.amazonaws.com/photos/552701363/medium.jpg,black bear
https://inaturalist-open-data.s3.amazonaws.com/photos/552700778/medium.jpg,black bear
https://inaturalist-open-data.s3.amazonaws.com/photos/552606447/medium.jpg,black bear
https://inaturalist-open-data.s3.amazonaws.com/photos/552488670/medium.jpg,black bear
https://inaturalist-open-data.s3.amazonaws.com/photos/552475357/medium.jpg,black bear
https://inaturalist-open-data.s3.amazonaws.com/photos/552384848/medium.jpg,black bear
https://inaturalist-open-data.s3.amazonaws.com/photos/552249888/medium.jpg,black bear
https://inaturalist-open-data.s3.amazonaws.com/photos/552098429/medium.jpg,black bear
https://inaturalist-open-data.s3.amazonaws.com/photos/552048968/medium.jpg,black bear
https://inaturalist-open-data.s3.amazonaws.com/photos/552011160/medium.jpg,black bear
https://inaturalist-open-data.s3.amazonaws.com/photos/554292147/medium.jpg,black bear
https://inaturalist-open-data.s3.amazonaws.com/photos/551987631/medium.jpg,black bear
https://inaturalist-open-data.s3.amazonaws.com/photos/551931821/medium.jpg,black bear
https://inaturalist-open-data.s3.amazonaws.com/photos/551659843/medium.jpg,black bear
https://inaturalist-open-data.s3.amazonaws.com/photos/551635502/medium.jpg,black bear
https://inaturalist-open-data.s3.amazonaws.com/photos/551613799/medium.jpg,black bear
https://inaturalist-open-data.s3.amazonaws.com/photos/551599556/medium.jpg,black bear
https://inaturalist-open-data.s3.amazonaws.com/photos/551499746/medium.jpg,black bear
https://inaturalist-open-data.s3.amazonaws.com/photos/550992362/medium.jpg,black bear
https://inaturalist-open-data.s3.amazonaws.com/photos/550892348/medium.jpg,black bear
https://inaturalist-open-data.s3.amazonaws.com/photos/550685121/medium.jpg,black bear
https://inaturalist-open-data.s3.amazonaws.com/photos/550488225/medium.jpg,black bear
https://inaturalist-open-data.s3.amazonaws.com/photos/550473904/medium.jpg,black bear
https://inaturalist-open-data.s3.amazonaws.com/photos/550355645/medium.jpg,black bear
https://inaturalist-open-data.s3.amazonaws.com/photos/550349718/medium.jpg,black bear
https://inaturalist-open-data.s3.amazonaws.com/photos/550133946/medium.jpg,black bear
https://inaturalist-open-data.s3.amazonaws.com/photos/550090096/medium.jpg,black bear
https://inaturalist-open-data.s3.amazonaws.com/photos/550007096/medium.jpg,black bear
https://inaturalist-open-data.s3.amazonaws.com/photos/549628900/medium.jpg,black bear
https://inaturalist-open-data.s3.amazonaws.com/photos/549605240/medium.jpg,black bear
https://inaturalist-open-data.s3.amazonaws.com/photos/549541956/medium.jpg,black bear
https://inaturalist-open-data.s3.amazonaws.com/photos/549417657/medium.jpg,black bear
https://inaturalist-open-data.s3.amazonaws.com/photos/549363070/medium.jpg,black bear
https://inaturalist-open-data.s3.amazonaws.com/photos/549354688/medium.jpg,black bear
https://inaturalist-open-data.s3.amazonaws.com/photos/549236975/medium.jpg,black bear
https://inaturalist-open-data.s3.amazonaws.com/photos/549173702/medium.jpg,black bear
https://inaturalist-open-data.s3.amazonaws.com/photos/549172815/medium.jpg,black bear
https://inaturalist-open-data.s3.amazonaws.com/photos/549053365/medium.jpg,black bear
https://inaturalist-open-data.s3.amazonaws.com/photos/548927716/medium.jpg,black bear
https://inaturalist-open-data.s3.amazonaws.com/photos/548864958/medium.jpg,black bear
https://inaturalist-open-data.s3.amazonaws.com/photos/548762135/medium.jpg,black bear
https://inaturalist-open-data.s3.amazonaws.com/photos/548741297/medium.jpg,black bear
https://inaturalist-open-data.s3.amazonaws.com/photos/548642817/medium.jpg,black bear
https://inaturalist-open-data.s3.amazonaws.com/photos/548616183/medium.jpg,black bear
https://inaturalist-open-data.s3.amazonaws.com/photos/548554146/medium.jpg,black bear
https://inaturalist-open-data.s3.amazonaws.com/photos/548462089/medium.jpg,black bear
https://inaturalist-open-data.s3.amazonaws.com/photos/548325641/medium.jpg,black bear
https://inaturalist-open-data.s3.amazonaws.com/photos/548276957/medium.jpg,black bear
https://inaturalist-open-data.s3.amazonaws.com/photos/548123364/medium.jpg,black bear
https://inaturalist-open-data.s3.amazonaws.com/photos/548111421/medium.jpg,black bear
https://inaturalist-open-data.s3.amazonaws.com/photos/548108981/medium.jpg,black bear
https://inaturalist-open-data.s3.amazonaws.com/photos/548108636/medium.jpg,black bear
https://inaturalist-open-data.s3.amazonaws.com/photos/548109947/medium.jpg,black bear
https://inaturalist-open-data.s3.amazonaws.com/photos/548102034/medium.jpg,black bear
https://inaturalist-open-data.s3.amazonaws.com/photos/548102031/medium.jpg,black bear
https://inaturalist-open-data.s3.amazonaws.com/photos/548098070/medium.jpg,black bear
https://inaturalist-open-data.s3.amazonaws.com/photos/548085983/medium.jpg,black bear
https://inaturalist-open-data.s3.amazonaws.com/photos/548091744/medium.jpg,black bear
https://inaturalist-open-data.s3.amazonaws.com/photos/548009328/medium.jpg,black bear
https://inaturalist-open-data.s3.amazonaws.com/photos/548007547/medium.jpg,black bear
https://inaturalist-open-data.s3.amazonaws.com/photos/547951280/medium.jpg,black bear
https://inaturalist-open-data.s3.amazonaws.com/photos/547800954/medium.jpg,black bear
https://inaturalist-open-data.s3.amazonaws.com/photos/547708448/medium.jpg,black bear
https://inaturalist-open-data.s3.amazonaws.com/photos/547631507/medium.jpg,black bear
https://inaturalist-open-data.s3.amazonaws.com/photos/547626650/medium.jpg,black bear
https://inaturalist-open-data.s3.amazonaws.com/photos/547621439/medium.jpg,black bear
https://inaturalist-open-data.s3.amazonaws.com/photos/547521669/medium.jpg,black bear
https://inaturalist-open-data.s3.amazonaws.com/photos/547455795/medium.jpg,black bear
https://inaturalist-open-data.s3.amazonaws.com/photos/547435821/medium.jpg,black bear
https://inaturalist-open-data.s3.amazonaws.com/photos/547320887/medium.jpg,black bear
https://inaturalist-open-data.s3.amazonaws.com/photos/547284628/medium.jpg,black bear
https://inaturalist-open-data.s3.amazonaws.com/photos/547115930/medium.jpg,black bear
https://inaturalist-open-data.s3.amazonaws.com/photos/547088477/medium.jpg,black bear
https://inaturalist-open-data.s3.amazonaws.com/photos/546861555/medium.jpg,black bear
https://inaturalist-open-data.s3.amazonaws.com/photos/546816078/medium.jpg,black bear
https://inaturalist-open-data.s3.amazonaws.com/photos/546687183/medium.jpg,black bear
https://inaturalist-open-data.s3.amazonaws.com/photos/546563890/medium.jpg,black bear
https://inaturalist-open-data.s3.amazonaws.com/photos/546141986/medium.jpg,black bear
https://inaturalist-open-data.s3.amazonaws.com/photos/546117559/medium.jpg,black bear
https://inaturalist-open-data.s3.amazonaws.com/photos/546021942/medium.jpg,black bear
https://inaturalist-open-data.s3.amazonaws.com/photos/546021945/medium.jpg,black bear
https://inaturalist-open-data.s3.amazonaws.com/photos/545884034/medium.jpg,black bear
https://inaturalist-open-data.s3.amazonaws.com/photos/545822741/medium.jpg,black bear
https://inaturalist-open-data.s3.amazonaws.com/photos/545726592/medium.jpg,black bear
https://inaturalist-open-data.s3.amazonaws.com/photos/545684290/medium.jpg,black bear
https://inaturalist-open-data.s3.amazonaws.com/photos/545679580/medium.jpg,black bear
https://inaturalist-open-data.s3.amazonaws.com/photos/545649020/medium.jpg,black bear
https://inaturalist-open-data.s3.amazonaws.com/photos/545648677/medium.jpg,black bear
https://inaturalist-open-data.s3.amazonaws.com/photos/545648667/medium.jpg,black bear
https://inaturalist-open-data.s3.amazonaws.com/photos/545546996/medium.jpg,black bear
https://inaturalist-open-data.s3.amazonaws.com/photos/545203900/medium.jpg,black bear
https://inaturalist-open-data.s3.amazonaws.com/photos/545161836/medium.jpg,black bear
https://inaturalist-open-data.s3.amazonaws.com/photos/544922366/medium.jpg,black bear
https://inaturalist-open-data.s3.amazonaws.com/photos/544921547/medium.jpg,black bear
https://inaturalist-open-data.s3.amazonaws.com/photos/544666240/medium.jpg,black bear
https://inaturalist-open-data.s3.amazonaws.com/photos/544649961/medium.jpg,black bear
https://inaturalist-open-data.s3.amazonaws.com/photos/544644975/medium.jpg,black bear
https://inaturalist-open-data.s3.amazonaws.com/photos/544611999/medium.jpg,black bear
https://inaturalist-open-data.s3.amazonaws.com/photos/544543470/medium.jpg,black bear
https://inaturalist-open-data.s3.amazonaws.com/photos/544401979/medium.jpg,black bear
https://inaturalist-open-data.s3.amazonaws.com/photos/544278715/medium.jpg,black bear
https://inaturalist-open-data.s3.amazonaws.com/photos/544264701/medium.jpg,black bear
https://inaturalist-open-data.s3.amazonaws.com/photos/544243951/medium.jpg,black bear
https://inaturalist-open-data.s3.amazonaws.com/photos/544070906/medium.jpg,black bear
https://inaturalist-open-data.s3.amazonaws.com/photos/544060901/medium.jpg,black bear
https://inaturalist-open-data.s3.amazonaws.com/photos/543893804/medium.jpg,black bear
https://inaturalist-open-data.s3.amazonaws.com/photos/543755743/medium.jpg,black bear
https://inaturalist-open-data.s3.amazonaws.com/photos/543691970/medium.jpg,black bear
https://inaturalist-open-data.s3.amazonaws.com/photos/543681234/medium.jpg,black bear
https://inaturalist-open-data.s3.amazonaws.com/photos/543614285/medium.jpg,black bear
https://inaturalist-open-data.s3.amazonaws.com/photos/543529035/medium.jpg,black bear
https://inaturalist-open-data.s3.amazonaws.com/photos/543527590/medium.jpg,black bear
https://inaturalist-open-data.s3.amazonaws.com/photos/543455901/medium.jpg,black bear
https://inaturalist-open-data.s3.amazonaws.com/photos/543450029/medium.jpg,black bear
https://inaturalist-open-data.s3.amazonaws.com/photos/543371768/medium.jpg,black bear
https://inaturalist-open-data.s3.amazonaws.com/photos/543308793/medium.jpg,black bear
https://inaturalist-open-data.s3.amazonaws.com/photos/543079205/medium.jpg,black bear
https://inaturalist-open-data.s3.amazonaws.com/photos/543078738/medium.jpg,black bear
https://inaturalist-open-data.s3.amazonaws.com/photos/543027087/medium.jpg,black bear
https://inaturalist-open-data.s3.amazonaws.com/photos/542785938/medium.jpg,black bear
https://inaturalist-open-data.s3.amazonaws.com/photos/542735005/medium.jpg,black bear
https://inaturalist-open-data.s3.amazonaws.com/photos/542692587/medium.jpg,black bear
https://inaturalist-open-data.s3.amazonaws.com/photos/542599012/medium.jpg,black bear
https://inaturalist-open-data.s3.amazonaws.com/photos/542583345/medium.jpg,black bear
https://inaturalist-open-data.s3.amazonaws.com/photos/542513220/medium.jpg,black bear
https://inaturalist-open-data.s3.amazonaws.com/photos/542489645/medium.jpg,black bear
https://inaturalist-open-data.s3.amazonaws.com/photos/542453964/medium.jpg,black bear
https://inaturalist-open-data.s3.amazonaws.com/photos/542451667/medium.jpg,black bear
https://inaturalist-open-data.s3.amazonaws.com/photos/542451419/medium.jpg,black bear
https://inaturalist-open-data.s3.amazonaws.com/photos/542435507/medium.jpg,black bear
https://inaturalist-open-data.s3.amazonaws.com/photos/542423242/medium.jpg,black bear
https://inaturalist-open-data.s3.amazonaws.com/photos/542413696/medium.jpg,black bear
https://inaturalist-open-data.s3.amazonaws.com/photos/542264016/medium.jpg,black bear
https://inaturalist-open-data.s3.amazonaws.com/photos/542140846/medium.jpg,black bear
https://inaturalist-open-data.s3.amazonaws.com/photos/542093252/medium.jpg,black bear
https://inaturalist-open-data.s3.amazonaws.com/photos/542052285/medium.jpg,black bear
https://inaturalist-open-data.s3.amazonaws.com/photos/542014830/medium.jpg,black bear
https://inaturalist-open-data.s3.amazonaws.com/photos/541856093/medium.jpg,black bear
https://inaturalist-open-data.s3.amazonaws.com/photos/541795777/medium.jpg,black bear
https://inaturalist-open-data.s3.amazonaws.com/photos/541666786/medium.jpg,black bear
https://inaturalist-open-data.s3.amazonaws.com/photos/541666477/medium.jpg,black bear
https://inaturalist-open-data.s3.amazonaws.com/photos/541630702/medium.jpg,black bear
https://inaturalist-open-data.s3.amazonaws.com/photos/541617426/medium.jpg,black bear
https://inaturalist-open-data.s3.amazonaws.com/photos/541487665/medium.jpg,black bear
https://inaturalist-open-data.s3.amazonaws.com/photos/541445139/medium.jpg,black bear
https://inaturalist-open-data.s3.amazonaws.com/photos/541401295/medium.jpg,black bear
https://inaturalist-open-data.s3.amazonaws.com/photos/541401246/medium.jpg,black bear
https://inaturalist-open-data.s3.amazonaws.com/photos/541333855/medium.jpg,black bear
https://inaturalist-open-data.s3.amazonaws.com/photos/541115066/medium.jpg,black bear
https://inaturalist-open-data.s3.amazonaws.com/photos/540959478/medium.jpg,black bear
https://inaturalist-open-data.s3.amazonaws.com/photos/541057497/medium.jpg,black bear
https://inaturalist-open-data.s3.amazonaws.com/photos/541045443/medium.jpg,black bear
https://inaturalist-open-data.s3.amazonaws.com/photos/540780008/medium.jpg,black bear
https://inaturalist-open-data.s3.amazonaws.com/photos/540622739/medium.jpg,black bear
https://inaturalist-open-data.s3.amazonaws.com/photos/540603883/medium.jpg,black bear
https://inaturalist-open-data.s3.amazonaws.com/photos/540580979/medium.jpg,black bear
https://inaturalist-open-data.s3.amazonaws.com/photos/540571209/medium.jpg,black bear
https://inaturalist-open-data.s3.amazonaws.com/photos/541806947/medium.jpg,black bear
https://inaturalist-open-data.s3.amazonaws.com/photos/540239765/medium.jpg,black bear
https://inaturalist-open-data.s3.amazonaws.com/photos/539928296/medium.jpg,black bear
https://inaturalist-open-data.s3.amazonaws.com/photos/539561497/medium.jpg,black bear
https://inaturalist-open-data.s3.amazonaws.com/photos/539561267/medium.jpg,black bear
https://inaturalist-open-data.s3.amazonaws.com/photos/539410857/medium.jpg,black bear
https://inaturalist-open-data.s3.amazonaws.com/photos/539154530/medium.jpg,black bear
https://inaturalist-open-data.s3.amazonaws.com/photos/539061276/medium.jpg,black bear
https://inaturalist-open-data.s3.amazonaws.com/photos/538767683/medium.jpg,black bear
https://inaturalist-open-data.s3.amazonaws.com/photos/538754039/medium.jpg,black bear
https://inaturalist-open-data.s3.amazonaws.com/photos/538740096/medium.jpg,black bear
https://inaturalist-open-data.s3.amazonaws.com/photos/538733102/medium.jpg,black bear
https://inaturalist-open-data.s3.amazonaws.com/photos/538703905/medium.jpg,black bear
https://inaturalist-open-data.s3.amazonaws.com/photos/538703882/medium.jpg,black bear
https://inaturalist-open-data.s3.amazonaws.com/photos/538701984/medium.jpg,black bear
https://inaturalist-open-data.s3.amazonaws.com/photos/538660920/medium.jpg,black bear
https://inaturalist-open-data.s3.amazonaws.com/photos/538313680/medium.jpg,black bear
https://inaturalist-open-data.s3.amazonaws.com/photos/538302356/medium.jpg,black bear
https://inaturalist-open-data.s3.amazonaws.com/photos/538172034/medium.jpg,black bear
https://inaturalist-open-data.s3.amazonaws.com/photos/538072902/medium.jpg,black bear
https://inaturalist-open-data.s3.amazonaws.com/photos/537995282/medium.jpg,black bear
https://inaturalist-open-data.s3.amazonaws.com/photos/537993260/medium.jpg,black bear
https://inaturalist-open-data.s3.amazonaws.com/photos/537859931/medium.jpg,black bear
https://inaturalist-open-data.s3.amazonaws.com/photos/537811757/medium.jpg,black bear
https://inaturalist-open-data.s3.amazonaws.com/photos/537728788/medium.jpg,black bear
https://inaturalist-open-data.s3.amazonaws.com/photos/537708926/medium.jpg,black bear
https://inaturalist-open-data.s3.amazonaws.com/photos/537680122/medium.jpg,black bear
https://inaturalist-open-data.s3.amazonaws.com/photos/537544268/medium.jpg,black bear
https://inaturalist-open-data.s3.amazonaws.com/photos/537517687/medium.jpg,black bear
https://inaturalist-open-data.s3.amazonaws.com/photos/537468902/medium.jpg,black bear
https://inaturalist-open-data.s3.amazonaws.com/photos/537400895/medium.jpg,black bear
https://inaturalist-open-data.s3.amazonaws.com/photos/537388097/medium.jpg,black bear
https://inaturalist-open-data.s3.amazonaws.com/photos/537387588/medium.jpg,black bear
https://inaturalist-open-data.s3.amazonaws.com/photos/537386316/medium.jpg,black bear
https://inaturalist-open-data.s3.amazonaws.com/photos/537168155/medium.jpg,black bear
https://inaturalist-open-data.s3.amazonaws.com/photos/537152617/medium.jpg,black bear
https://inaturalist-open-data.s3.amazonaws.com/photos/537068563/medium.jpg,black bear
https://inaturalist-open-data.s3.amazonaws.com/photos/537018883/medium.jpg,black bear
https://inaturalist-open-data.s3.amazonaws.com/photos/536911545/medium.jpg,black bear
https://inaturalist-open-data.s3.amazonaws.com/photos/536850515/medium.jpg,black bear
https://inaturalist-open-data.s3.amazonaws.com/photos/536847168/medium.jpg,black bear
https://inaturalist-open-data.s3.amazonaws.com/photos/536810696/medium.jpg,black bear
https://inaturalist-open-data.s3.amazonaws.com/photos/536776002/medium.jpg,black bear
https://inaturalist-open-data.s3.amazonaws.com/photos/536775725/medium.jpg,black bear
https://inaturalist-open-data.s3.amazonaws.com/photos/536596324/medium.jpg,black bear
https://inaturalist-open-data.s3.amazonaws.com/photos/536523667/medium.jpg,black bear
https://inaturalist-open-data.s3.amazonaws.com/photos/536521788/medium.jpg,black bear
https://inaturalist-open-data.s3.amazonaws.com/photos/536518985/medium.jpg,black bear
https://inaturalist-open-data.s3.amazonaws.com/photos/536480502/medium.jpg,black bear
https://inaturalist-open-data.s3.amazonaws.com/photos/536333673/medium.jpg,black bear
https://inaturalist-open-data.s3.amazonaws.com/photos/536318829/medium.jpg,black bear
https://inaturalist-open-data.s3.amazonaws.com/photos/536269516/medium.jpg,black bear
https://inaturalist-open-data.s3.amazonaws.com/photos/536269730/medium.jpg,black bear
https://inaturalist-open-data.s3.amazonaws.com/photos/536090809/medium.jpg,black bear
https://inaturalist-open-data.s3.amazonaws.com/photos/536063715/medium.jpg,black bear
https://inaturalist-open-data.s3.amazonaws.com/photos/536033506/medium.jpg,black bear
https://inaturalist-open-data.s3.amazonaws.com/photos/536016342/medium.jpg,black bear
https://inaturalist-open-data.s3.amazonaws.com/photos/535990585/medium.jpg,black bear
https://inaturalist-open-data.s3.amazonaws.com/photos/535964464/medium.jpg,black bear
https://inaturalist-open-data.s3.amazonaws.com/photos/535948017/medium.jpg,black bear
https://inaturalist-open-data.s3.amazonaws.com/photos/535749258/medium.jpg,black bear
https://inaturalist-open-data.s3.amazonaws.com/photos/536892395/medium.jpg,black bear
https://inaturalist-open-data.s3.amazonaws.com/photos/535676479/medium.jpg,black bear
https://inaturalist-open-data.s3.amazonaws.com/photos/535657603/medium.jpg,black bear
https://inaturalist-open-data.s3.amazonaws.com/photos/535497432/medium.jpg,black bear
https://inaturalist-open-data.s3.amazonaws.com/photos/535478819/medium.jpg,black bear
https://inaturalist-open-data.s3.amazonaws.com/photos/535369657/medium.jpg,black bear
https://inaturalist-open-data.s3.amazonaws.com/photos/535324975/medium.jpg,black bear
https://inaturalist-open-data.s3.amazonaws.com/photos/535211755/medium.jpg,black bear
https://inaturalist-open-data.s3.amazonaws.com/photos/535210119/medium.jpg,black bear
https://inaturalist-open-data.s3.amazonaws.com/photos/535118358/medium.jpg,black bear
https://inaturalist-open-data.s3.amazonaws.com/photos/535118001/medium.jpg,black bear
https://inaturalist-open-data.s3.amazonaws.com/photos/535113187/medium.jpg,black bear
https://inaturalist-open-data.s3.amazonaws.com/photos/547010593/medium.jpg,black bear
https://inaturalist-open-data.s3.amazonaws.com/photos/534872355/medium.jpg,black bear
https://inaturalist-open-data.s3.amazonaws.com/photos/534853323/medium.jpg,black bear
https://inaturalist-open-data.s3.amazonaws.com/photos/534719418/medium.jpg,black bear
https://inaturalist-open-data.s3.amazonaws.com/photos/534715532/medium.jpg,black bear
https://inaturalist-open-data.s3.amazonaws.com/photos/534587622/medium.jpg,black bear
https://inaturalist-open-data.s3.amazonaws.com/photos/534277501/medium.jpg,black bear
https://inaturalist-open-data.s3.amazonaws.com/photos/534226484/medium.jpg,black bear
https://inaturalist-open-data.s3.amazonaws.com/photos/534170329/medium.jpg,black bear
https://inaturalist-open-data.s3.amazonaws.com/photos/534670531/medium.jpg,black bear
https://inaturalist-open-data.s3.amazonaws.com/photos/534145630/medium.jpg,black bear
https://inaturalist-open-data.s3.amazonaws.com/photos/534094161/medium.jpg,black bear
https://inaturalist-open-data.s3.amazonaws.com/photos/533848398/medium.jpg,black bear
https://inaturalist-open-data.s3.amazonaws.com/photos/533848307/medium.jpg,black bear
https://inaturalist-open-data.s3.amazonaws.com/photos/533747189/medium.jpg,black bear
https://inaturalist-open-data.s3.amazonaws.com/photos/533722083/medium.jpg,black bear
https://inaturalist-open-data.s3.amazonaws.com/photos/533616223/medium.jpg,black bear
https://inaturalist-open-data.s3.amazonaws.com/photos/533423277/medium.jpg,black bear
https://inaturalist-open-data.s3.amazonaws.com/photos/533143507/medium.jpg,black bear
https://inaturalist-open-data.s3.amazonaws.com/photos/533136603/medium.jpg,black bear
https://inaturalist-open-data.s3.amazonaws.com/photos/532670839/medium.jpg,black bear
https://inaturalist-open-data.s3.amazonaws.com/photos/532426052/medium.jpg,black bear
https://inaturalist-open-data.s3.amazonaws.com/photos/532416974/medium.jpg,black bear
https://inaturalist-open-data.s3.amazonaws.com/photos/532415232/medium.jpg,black bear
https://inaturalist-open-data.s3.amazonaws.com/photos/532389000/medium.jpg,black bear
https://inaturalist-open-data.s3.amazonaws.com/photos/532381971/medium.jpg,black bear
https://inaturalist-open-data.s3.amazonaws.com/photos/532174287/medium.jpg,black bear
https://inaturalist-open-data.s3.amazonaws.com/photos/532134830/medium.jpg,black bear
https://inaturalist-open-data.s3.amazonaws.com/photos/532090937/medium.jpg,black bear
https://inaturalist-open-data.s3.amazonaws.com/photos/532059679/medium.jpg,black bear
https://inaturalist-open-data.s3.amazonaws.com/photos/532006997/medium.jpg,black bear
https://inaturalist-open-data.s3.amazonaws.com/photos/531876556/medium.jpg,black bear
https://inaturalist-open-data.s3.amazonaws.com/photos/531607863/medium.jpg,black bear
https://inaturalist-open-data.s3.amazonaws.com/photos/531598458/medium.jpg,black bear
https://inaturalist-open-data.s3.amazonaws.com/photos/531593180/medium.jpg,black bear
https://inaturalist-open-data.s3.amazonaws.com/photos/531583992/medium.jpg,black bear
https://inaturalist-open-data.s3.amazonaws.com/photos/531516260/medium.jpg,black bear
https://inaturalist-open-data.s3.amazonaws.com/photos/531434259/medium.jpg,black bear
https://inaturalist-open-data.s3.amazonaws.com/photos/531420781/medium.jpg,black bear
https://inaturalist-open-data.s3.amazonaws.com/photos/531396039/medium.jpg,black bear
https://inaturalist-open-data.s3.amazonaws.com/photos/531352192/medium.jpg,black bear
https://inaturalist-open-data.s3.amazonaws.com/photos/531330105/medium.jpg,black bear
https://inaturalist-open-data.s3.amazonaws.com/photos/531328888/medium.jpg,black bear
https://inaturalist-open-data.s3.amazonaws.com/photos/531322567/medium.jpg,black bear
https://inaturalist-open-data.s3.amazonaws.com/photos/531320520/medium.jpg,black bear
https://inaturalist-open-data.s3.amazonaws.com/photos/531121352/medium.jpg,black bear
https://inaturalist-open-data.s3.amazonaws.com/photos/531106056/medium.jpg,black bear
https://inaturalist-open-data.s3.amazonaws.com/photos/531088424/medium.jpg,black bear
https://inaturalist-open-data.s3.amazonaws.com/photos/531058988/medium.jpg,black bear
https://inaturalist-open-data.s3.amazonaws.com/photos/530882219/medium.jpg,black bear
https://inaturalist-open-data.s3.amazonaws.com/photos/530794254/medium.jpg,black bear
https://inaturalist-open-data.s3.amazonaws.com/photos/530745804/medium.jpg,black bear
https://inaturalist-open-data.s3.amazonaws.com/photos/530565458/medium.jpg,black bear
https://inaturalist-open-data.s3.amazonaws.com/photos/530555755/medium.jpg,black bear
https://inaturalist-open-data.s3.amazonaws.com/photos/530464977/medium.jpg,black bear
https://inaturalist-open-data.s3.amazonaws.com/photos/530415953/medium.jpg,black bear
https://inaturalist-open-data.s3.amazonaws.com/photos/530355615/medium.jpg,black bear
https://inaturalist-open-data.s3.amazonaws.com/photos/530295932/medium.jpg,black bear
https://inaturalist-open-data.s3.amazonaws.com/photos/530211697/medium.jpg,black bear
https://inaturalist-open-data.s3.amazonaws.com/photos/530204548/medium.jpg,black bear
https://inaturalist-open-data.s3.amazonaws.com/photos/530204518/medium.jpg,black bear
https://inaturalist-open-data.s3.amazonaws.com/photos/530204161/medium.jpg,black bear
https://inaturalist-open-data.s3.amazonaws.com/photos/530185948/medium.jpg,black bear
https://inaturalist-open-data.s3.amazonaws.com/photos/530062774/medium.jpg,black bear
https://inaturalist-open-data.s3.amazonaws.com/photos/530062759/medium.jpg,black bear
https://inaturalist-open-data.s3.amazonaws.com/photos/529977273/medium.jpg,black bear
https://inaturalist-open-data.s3.amazonaws.com/photos/529933632/medium.jpg,black bear
https://inaturalist-open-data.s3.amazonaws.com/photos/529909852/medium.jpg,black bear
https://inaturalist-open-data.s3.amazonaws.com/photos/529813840/medium.jpg,black bear
https://inaturalist-open-data.s3.amazonaws.com/photos/529811273/medium.jpg,black bear
https://inaturalist-open-data.s3.amazonaws.com/photos/529711787/medium.jpg,black bear
https://inaturalist-open-data.s3.amazonaws.com/photos/529610198/medium.jpg,black bear
https://inaturalist-open-data.s3.amazonaws.com/photos/529500805/medium.jpg,black bear
https://inaturalist-open-data.s3.amazonaws.com/photos/529317714/medium.jpg,black bear
https://inaturalist-open-data.s3.amazonaws.com/photos/529282730/medium.jpg,black bear
https://inaturalist-open-data.s3.amazonaws.com/photos/529135085/medium.jpg,black bear
https://inaturalist-open-data.s3.amazonaws.com/photos/529045545/medium.jpg,black bear
https://inaturalist-open-data.s3.amazonaws.com/photos/529018923/medium.jpg,black bear
https://inaturalist-open-data.s3.amazonaws.com/photos/529000488/medium.jpg,black bear
https://inaturalist-open-data.s3.amazonaws.com/photos/529001584/medium.jpg,black bear
https://inaturalist-open-data.s3.amazonaws.com/photos/528963199/medium.jpg,black bear
https://inaturalist-open-data.s3.amazonaws.com/photos/528842643/medium.jpg,black bear
https://inaturalist-open-data.s3.amazonaws.com/photos/528837072/medium.jpg,black bear
https://inaturalist-open-data.s3.amazonaws.com/photos/528737722/medium.jpg,black bear
https://inaturalist-open-data.s3.amazonaws.com/photos/528724764/medium.jpg,black bear
https://inaturalist-open-data.s3.amazonaws.com/photos/528467943/medium.jpg,black bear
https://inaturalist-open-data.s3.amazonaws.com/photos/528345529/medium.jpg,black bear
https://inaturalist-open-data.s3.amazonaws.com/photos/528326397/medium.jpg,black bear
https://inaturalist-open-data.s3.amazonaws.com/photos/528133422/medium.jpg,black bear
https://inaturalist-open-data.s3.amazonaws.com/photos/528130862/medium.jpg,black bear
https://inaturalist-open-data.s3.amazonaws.com/photos/527924253/medium.jpg,black bear
https://inaturalist-open-data.s3.amazonaws.com/photos/527922095/medium.jpg,black bear
https://inaturalist-open-data.s3.amazonaws.com/photos/527890326/medium.jpg,black bear
https://inaturalist-open-data.s3.amazonaws.com/photos/527873697/medium.jpg,black bear
https://inaturalist-open-data.s3.amazonaws.com/photos/527744524/medium.jpg,black bear
https://inaturalist-open-data.s3.amazonaws.com/photos/527726288/medium.jpg,black bear
https://inaturalist-open-data.s3.amazonaws.com/photos/527725628/medium.jpg,black bear
https://inaturalist-open-data.s3.amazonaws.com/photos/527704019/medium.jpg,black bear
https://inaturalist-open-data.s3.amazonaws.com/photos/527496251/medium.jpg,black bear
https://inaturalist-open-data.s3.amazonaws.com/photos/527494269/medium.jpg,black bear
https://inaturalist-open-data.s3.amazonaws.com/photos/527441444/medium.jpg,black bear
https://inaturalist-open-data.s3.amazonaws.com/photos/527384591/medium.jpg,black bear
https://inaturalist-open-data.s3.amazonaws.com/photos/527390079/medium.jpg,black bear
https://inaturalist-open-data.s3.amazonaws.com/photos/527295921/medium.jpg,black bear
https://inaturalist-open-data.s3.amazonaws.com/photos/527295757/medium.jpg,black bear
https://inaturalist-open-data.s3.amazonaws.com/photos/527042781/medium.jpg,black bear
https://inaturalist-open-data.s3.amazonaws.com/photos/526750865/medium.jpg,black bear
https://inaturalist-open-data.s3.amazonaws.com/photos/526744121/medium.jpg,black bear
https://inaturalist-open-data.s3.amazonaws.com/photos/526618413/medium.jpg,black bear
https://inaturalist-open-data.s3.amazonaws.com/photos/526548808/medium.jpg,black bear
https://inaturalist-open-data.s3.amazonaws.com/photos/526542096/medium.jpg,black bear
https://inaturalist-open-data.s3.amazonaws.com/photos/526541278/medium.jpg,black bear
https://inaturalist-open-data.s3.amazonaws.com/photos/526541265/medium.jpg,black bear
https://inaturalist-open-data.s3.amazonaws.com/photos/526539856/medium.jpg,black bear
https://inaturalist-open-data.s3.amazonaws.com/photos/526539664/medium.jpg,black bear
https://inaturalist-open-data.s3.amazonaws.com/photos/526503859/medium.jpg,black bear
https://inaturalist-open-data.s3.amazonaws.com/photos/526459850/medium.jpg,black bear
https://inaturalist-open-data.s3.amazonaws.com/photos/526442474/medium.jpg,black bear
https://inaturalist-open-data.s3.amazonaws.com/photos/526387455/medium.jpg,black bear
https://inaturalist-open-data.s3.amazonaws.com/photos/526280527/medium.jpg,black bear
https://inaturalist-open-data.s3.amazonaws.com/photos/526278520/medium.jpg,black bear
https://inaturalist-open-data.s3.amazonaws.com/photos/526262941/medium.jpg,black bear
https://inaturalist-open-data.s3.amazonaws.com/photos/526078107/medium.jpg,black bear
https://inaturalist-open-data.s3.amazonaws.com/photos/525952481/medium.jpg,black bear
https://inaturalist-open-data.s3.amazonaws.com/photos/525903934/medium.jpg,black bear
https://inaturalist-open-data.s3.amazonaws.com/photos/529291052/medium.jpg,black bear
https://inaturalist-open-data.s3.amazonaws.com/photos/525800380/medium.jpg,black bear
https://inaturalist-open-data.s3.amazonaws.com/photos/525797573/medium.jpg,black bear
https://inaturalist-open-data.s3.amazonaws.com/photos/525797273/medium.jpg,black bear
https://inaturalist-open-data.s3.amazonaws.com/photos/525469765/medium.jpg,black bear
https://inaturalist-open-data.s3.amazonaws.com/photos/525448674/medium.jpg,black bear
https://inaturalist-open-data.s3.amazonaws.com/photos/525264910/medium.jpg,black bear
https://inaturalist-open-data.s3.amazonaws.com/photos/525017749/medium.jpg,black bear
https://inaturalist-open-data.s3.amazonaws.com/photos/524873882/medium.jpg,black bear
https://inaturalist-open-data.s3.amazonaws.com/photos/524798808/medium.jpg,black bear
https://inaturalist-open-data.s3.amazonaws.com/photos/524759039/medium.jpg,black bear
https://inaturalist-open-data.s3.amazonaws.com/photos/524717646/medium.jpg,black bear
https://inaturalist-open-data.s3.amazonaws.com/photos/524311156/medium.jpg,black bear
https://inaturalist-open-data.s3.amazonaws.com/photos/524272298/medium.jpg,black bear
https://inaturalist-open-data.s3.amazonaws.com/photos/524236798/medium.jpg,black bear
https://inaturalist-open-data.s3.amazonaws.com/photos/524150710/medium.jpg,black bear
https://inaturalist-open-data.s3.amazonaws.com/photos/524131400/medium.jpg,black bear
https://inaturalist-open-data.s3.amazonaws.com/photos/524130802/medium.jpg,black bear
https://inaturalist-open-data.s3.amazonaws.com/photos/524109851/medium.jpg,black bear
https://inaturalist-open-data.s3.amazonaws.com/photos/523743999/medium.jpg,black bear
https://inaturalist-open-data.s3.amazonaws.com/photos/523739453/medium.jpg,black bear
https://inaturalist-open-data.s3.amazonaws.com/photos/523703837/medium.jpg,black bear
https://inaturalist-open-data.s3.amazonaws.com/photos/523576787/medium.jpg,black bear
https://inaturalist-open-data.s3.amazonaws.com/photos/523558846/medium.jpg,black bear
https://inaturalist-open-data.s3.amazonaws.com/photos/523201940/medium.jpg,black bear
https://inaturalist-open-data.s3.amazonaws.com/photos/523069913/medium.jpg,black bear
https://inaturalist-open-data.s3.amazonaws.com/photos/522952431/medium.jpg,black bear
https://inaturalist-open-data.s3.amazonaws.com/photos/522742479/medium.jpg,black bear
https://inaturalist-open-data.s3.amazonaws.com/photos/522660354/medium.jpg,black bear
https://inaturalist-open-data.s3.amazonaws.com/photos/522541357/medium.jpg,black bear
https://inaturalist-open-data.s3.amazonaws.com/photos/522498613/medium.jpg,black bear
https://inaturalist-open-data.s3.amazonaws.com/photos/522229537/medium.jpg,black bear
https://inaturalist-open-data.s3.amazonaws.com/photos/528867328/medium.jpg,black bear
https://inaturalist-open-data.s3.amazonaws.com/photos/522201738/medium.jpg,black bear
https://inaturalist-open-data.s3.amazonaws.com/photos/522148610/medium.jpg,black bear
https://inaturalist-open-data.s3.amazonaws.com/photos/522140322/medium.jpg,black bear
https://inaturalist-open-data.s3.amazonaws.com/photos/522140180/medium.jpg,black bear
https://inaturalist-open-data.s3.amazonaws.com/photos/522132896/medium.jpg,black bear
https://inaturalist-open-data.s3.amazonaws.com/photos/522004046/medium.jpg,black bear
https://inaturalist-open-data.s3.amazonaws.com/photos/521786807/medium.jpg,black bear
https://inaturalist-open-data.s3.amazonaws.com/photos/521705364/medium.jpg,black bear
https://inaturalist-open-data.s3.amazonaws.com/photos/521538707/medium.jpg,black bear
https://inaturalist-open-data.s3.amazonaws.com/photos/521445107/medium.jpg,black bear
https://inaturalist-open-data.s3.amazonaws.com/photos/521432164/medium.jpg,black bear
https://inaturalist-open-data.s3.amazonaws.com/photos/521298505/medium.jpg,black bear
https://inaturalist-open-data.s3.amazonaws.com/photos/521130440/medium.jpg,black bear
https://inaturalist-open-data.s3.amazonaws.com/photos/521099137/medium.jpg,black bear
https://inaturalist-open-data.s3.amazonaws.com/photos/521092945/medium.jpg,black bear
https://inaturalist-open-data.s3.amazonaws.com/photos/521092012/medium.jpg,black bear
https://inaturalist-open-data.s3.amazonaws.com/photos/521020613/medium.jpg,black bear
https://inaturalist-open-data.s3.amazonaws.com/photos/520780476/medium.jpg,black bear
https://inaturalist-open-data.s3.amazonaws.com/photos/520768904/medium.jpg,black bear
https://inaturalist-open-data.s3.amazonaws.com/photos/520703755/medium.jpg,black bear
https://inaturalist-open-data.s3.amazonaws.com/photos/520343470/medium.jpg,black bear
https://inaturalist-open-data.s3.amazonaws.com/photos/520212960/medium.jpg,black bear
https://inaturalist-open-data.s3.amazonaws.com/photos/520114592/medium.jpg,black bear
https://inaturalist-open-data.s3.amazonaws.com/photos/520030649/medium.jpg,black bear
https://inaturalist-open-data.s3.amazonaws.com/photos/519939127/medium.jpg,black bear
https://inaturalist-open-data.s3.amazonaws.com/photos/519875936/medium.jpg,black bear
https://inaturalist-open-data.s3.amazonaws.com/photos/519762151/medium.jpg,black bear
https://inaturalist-open-data.s3.amazonaws.com/photos/519617531/medium.jpg,black bear
https://inaturalist-open-data.s3.amazonaws.com/photos/519602125/medium.jpg,black bear
https://inaturalist-open-data.s3.amazonaws.com/photos/519585240/medium.jpg,black bear
https://inaturalist-open-data.s3.amazonaws.com/photos/519534344/medium.jpg,black bear
https://inaturalist-open-data.s3.amazonaws.com/photos/519520425/medium.jpg,black bear
https://inaturalist-open-data.s3.amazonaws.com/photos/519473641/medium.jpg,black bear
https://inaturalist-open-data.s3.amazonaws.com/photos/519323727/medium.jpg,black bear
https://inaturalist-open-data.s3.amazonaws.com/photos/519230413/medium.jpg,black bear
https://inaturalist-open-data.s3.amazonaws.com/photos/519123675/medium.jpg,black bear
https://inaturalist-open-data.s3.amazonaws.com/photos/519079473/medium.jpg,black bear
https://inaturalist-open-data.s3.amazonaws.com/photos/519079480/medium.jpg,black bear
https://inaturalist-open-data.s3.amazonaws.com/photos/519010493/medium.jpg,black bear
https://inaturalist-open-data.s3.amazonaws.com/photos/518937343/medium.jpg,black bear
https://inaturalist-open-data.s3.amazonaws.com/photos/518625665/medium.jpg,black bear
https://inaturalist-open-data.s3.amazonaws.com/photos/518555576/medium.jpg,black bear
https://inaturalist-open-data.s3.amazonaws.com/photos/518503878/medium.jpg,black bear
https://inaturalist-open-data.s3.amazonaws.com/photos/518362608/medium.jpg,black bear
https://inaturalist-open-data.s3.amazonaws.com/photos/518330882/medium.jpg,black bear
https://inaturalist-open-data.s3.amazonaws.com/photos/518303200/medium.jpg,black bear
https://inaturalist-open-data.s3.amazonaws.com/photos/518298428/medium.jpg,black bear
https://inaturalist-open-data.s3.amazonaws.com/photos/518113383/medium.jpg,black bear
https://inaturalist-open-data.s3.amazonaws.com/photos/518042777/medium.jpg,black bear
https://inaturalist-open-data.s3.amazonaws.com/photos/517914879/medium.jpg,black bear
https://inaturalist-open-data.s3.amazonaws.com/photos/517821052/medium.jpg,black bear
https://inaturalist-open-data.s3.amazonaws.com/photos/517760168/medium.jpg,black bear
https://inaturalist-open-data.s3.amazonaws.com/photos/517602806/medium.jpg,black bear
https://inaturalist-open-data.s3.amazonaws.com/photos/517528305/medium.jpg,black bear
https://inaturalist-open-data.s3.amazonaws.com/photos/517432571/medium.jpg,black bear
https://inaturalist-open-data.s3.amazonaws.com/photos/517412378/medium.jpg,black bear
https://inaturalist-open-data.s3.amazonaws.com/photos/517410950/medium.jpg,black bear
https://inaturalist-open-data.s3.amazonaws.com/photos/517350950/medium.jpg,black bear
https://inaturalist-open-data.s3.amazonaws.com/photos/517021582/medium.jpg,black bear
https://inaturalist-open-data.s3.amazonaws.com/photos/516912597/medium.jpg,black bear
https://inaturalist-open-data.s3.amazonaws.com/photos/516913832/medium.jpg,black bear
https://inaturalist-open-data.s3.amazonaws.com/photos/516913629/medium.jpg,black bear
https://inaturalist-open-data.s3.amazonaws.com/photos/547761228/medium.jpg,black bear
https://inaturalist-open-data.s3.amazonaws.com/photos/516791965/medium.jpg,black bear
https://inaturalist-open-data.s3.amazonaws.com/photos/516758435/medium.jpg,black bear
https://inaturalist-open-data.s3.amazonaws.com/photos/516749099/medium.jpg,black bear
https://inaturalist-open-data.s3.amazonaws.com/photos/516749016/medium.jpg,black bear
https://inaturalist-open-data.s3.amazonaws.com/photos/516708423/medium.jpg,black bear
https://inaturalist-open-data.s3.amazonaws.com/photos/516637687/medium.jpg,black bear
https://inaturalist-open-data.s3.amazonaws.com/photos/516601468/medium.jpg,black bear
https://inaturalist-open-data.s3.amazonaws.com/photos/516579022/medium.jpg,black bear
https://inaturalist-open-data.s3.amazonaws.com/photos/516466976/medium.jpg,black bear
https://inaturalist-open-data.s3.amazonaws.com/photos/516434032/medium.jpg,black bear
https://inaturalist-open-data.s3.amazonaws.com/photos/516375573/medium.jpg,black bear
https://inaturalist-open-data.s3.amazonaws.com/photos/516368876/medium.jpg,black bear
https://inaturalist-open-data.s3.amazonaws.com/photos/516346684/medium.jpg,black bear
https://inaturalist-open-data.s3.amazonaws.com/photos/516336752/medium.jpg,black bear
https://inaturalist-open-data.s3.amazonaws.com/photos/516334239/medium.jpg,black bear
https://inaturalist-open-data.s3.amazonaws.com/photos/516332367/medium.jpg,black bear
https://inaturalist-open-data.s3.amazonaws.com/photos/516280309/medium.jpg,black bear
https://inaturalist-open-data.s3.amazonaws.com/photos/516243341/medium.jpg,black bear
https://inaturalist-open-data.s3.amazonaws.com/photos/515971972/medium.jpg,black bear
https://inaturalist-open-data.s3.amazonaws.com/photos/515971822/medium.jpg,black bear
https://inaturalist-open-data.s3.amazonaws.com/photos/515962499/medium.jpg,black bear
https://inaturalist-open-data.s3.amazonaws.com/photos/515950020/medium.jpg,black bear
https://inaturalist-open-data.s3.amazonaws.com/photos/515757374/medium.jpg,black bear
https://inaturalist-open-data.s3.amazonaws.com/photos/515737892/medium.jpg,black bear
https://inaturalist-open-data.s3.amazonaws.com/photos/515484279/medium.jpg,black bear
https://inaturalist-open-data.s3.amazonaws.com/photos/515483313/medium.jpg,black bear
https://inaturalist-open-data.s3.amazonaws.com/photos/515478986/medium.jpg,black bear
https://inaturalist-open-data.s3.amazonaws.com/photos/515393602/medium.jpg,black bear
https://inaturalist-open-data.s3.amazonaws.com/photos/515385528/medium.jpg,black bear
https://inaturalist-open-data.s3.amazonaws.com/photos/515380835/medium.jpg,black bear
https://inaturalist-open-data.s3.amazonaws.com/photos/515380568/medium.jpg,black bear
https://inaturalist-open-data.s3.amazonaws.com/photos/515116238/medium.jpg,black bear
https://inaturalist-open-data.s3.amazonaws.com/photos/514921559/medium.jpg,black bear
https://inaturalist-open-data.s3.amazonaws.com/photos/514886250/medium.jpg,black bear
https://inaturalist-open-data.s3.amazonaws.com/photos/514833066/medium.jpg,black bear
https://inaturalist-open-data.s3.amazonaws.com/photos/514823515/medium.jpg,black bear
https://inaturalist-open-data.s3.amazonaws.com/photos/514823478/medium.jpg,black bear
https://inaturalist-open-data.s3.amazonaws.com/photos/514749792/medium.jpg,black bear
https://inaturalist-open-data.s3.amazonaws.com/photos/514712082/medium.jpg,black bear
https://inaturalist-open-data.s3.amazonaws.com/photos/514574206/medium.jpg,black bear
https://inaturalist-open-data.s3.amazonaws.com/photos/514358353/medium.jpg,black bear
https://inaturalist-open-data.s3.amazonaws.com/photos/514350242/medium.jpg,black bear
https://inaturalist-open-data.s3.amazonaws.com/photos/514349694/medium.jpg,black bear
https://inaturalist-open-data.s3.amazonaws.com/photos/514330636/medium.jpg,black bear
https://inaturalist-open-data.s3.amazonaws.com/photos/514325753/medium.jpg,black bear
https://inaturalist-open-data.s3.amazonaws.com/photos/514253637/medium.jpg,black bear
https://inaturalist-open-data.s3.amazonaws.com/photos/514237528/medium.jpg,black bear
https://inaturalist-open-data.s3.amazonaws.com/photos/514237405/medium.jpg,black bear
https://inaturalist-open-data.s3.amazonaws.com/photos/514054661/medium.jpg,black bear
https://inaturalist-open-data.s3.amazonaws.com/photos/513837859/medium.jpg,black bear
https://inaturalist-open-data.s3.amazonaws.com/photos/513834746/medium.jpg,black bear
https://inaturalist-open-data.s3.amazonaws.com/photos/513805894/medium.jpg,black bear
https://inaturalist-open-data.s3.amazonaws.com/photos/513763771/medium.jpg,black bear
https://inaturalist-open-data.s3.amazonaws.com/photos/513752115/medium.jpg,black bear
https://inaturalist-open-data.s3.amazonaws.com/photos/513729790/medium.jpg,black bear
https://inaturalist-open-data.s3.amazonaws.com/photos/513673757/medium.jpg,black bear
https://inaturalist-open-data.s3.amazonaws.com/photos/513570421/medium.jpg,black bear
https://inaturalist-open-data.s3.amazonaws.com/photos/513560672/medium.jpg,black bear
https://inaturalist-open-data.s3.amazonaws.com/photos/513480807/medium.jpg,black bear
https://inaturalist-open-data.s3.amazonaws.com/photos/513476662/medium.jpg,black bear
https://inaturalist-open-data.s3.amazonaws.com/photos/513388611/medium.jpg,black bear
https://inaturalist-open-data.s3.amazonaws.com/photos/513264486/medium.jpg,black bear
https://inaturalist-open-data.s3.amazonaws.com/photos/513181998/medium.jpg,black bear
https://inaturalist-open-data.s3.amazonaws.com/photos/513071764/medium.jpg,black bear
https://inaturalist-open-data.s3.amazonaws.com/photos/513033925/medium.jpg,black bear
https://inaturalist-open-data.s3.amazonaws.com/photos/512933112/medium.jpg,black bear
https://inaturalist-open-data.s3.amazonaws.com/photos/512885113/medium.jpg,black bear
https://inaturalist-open-data.s3.amazonaws.com/photos/512755134/medium.jpg,black bear
https://inaturalist-open-data.s3.amazonaws.com/photos/512731214/medium.jpg,black bear
https://inaturalist-open-data.s3.amazonaws.com/photos/512702948/medium.jpg,black bear
https://inaturalist-open-data.s3.amazonaws.com/photos/512699143/medium.jpg,black bear
https://inaturalist-open-data.s3.amazonaws.com/photos/512683818/medium.jpg,black bear
https://inaturalist-open-data.s3.amazonaws.com/photos/512621043/medium.jpg,black bear
https://inaturalist-open-data.s3.amazonaws.com/photos/512580266/medium.jpg,black bear
https://inaturalist-open-data.s3.amazonaws.com/photos/512571723/medium.jpg,black bear
https://inaturalist-open-data.s3.amazonaws.com/photos/512538302/medium.jpg,black bear
